품종,방류물량1,방류구분,연도,월,시도,어종류
감성돔,123831,매입방류,2022,01,경남,감성돔
감성돔,139183,매입방류,2022,06,경남,감성돔
감성돔,303030,매입방류,2022,01,경남,감성돔
감성돔,100000,생산방류,2022,07,경남,감성돔
감성돔,208290,매입방류,2022,06,경남,감성돔
감성돔,152049,매입방류,2022,06,경남,감성돔
감성돔,43000,생산방류,2022,06,부산,감성돔
감성돔,146100,매입방류,2022,01,전남,감성돔
감성돔,243000,매입방류,2022,05,전남,감성돔
감성돔,253108,매입방류,2022,05,전남,감성돔
감성돔,228277,매입방류,2022,06,전남,감성돔
감성돔,229042,매입방류,2022,06,전남,감성돔
감성돔,104651,매입방류,2022,08,전남,감성돔
감성돔,135682,매입방류,2022,07,전남,감성돔
감성돔,111651,매입방류,2022,08,전남,감성돔
감성돔,200543,매입방류,2022,07,전남,감성돔
감성돔,247500,매입방류,2022,06,전남,감성돔
감성돔,140850,매입방류,2022,05,전남,감성돔
감성돔,138982,매입방류,2022,05,전남,감성돔
감성돔,147419,매입방류,2022,05,전남,감성돔
감성돔,76924,매입방류,2022,06,전남,감성돔
감성돔,568362,매입방류,2022,06,전북,감성돔
감성돔,211268,매입방류,2022,06,전북,감성돔
감성돔,478000,매입방류,2022,06,전북,감성돔
감성돔,342626,매입방류,2022,06,충남,감성돔
감성돔,328398,매입방류,2022,07,충남,감성돔
갑오징어,50000,무상방류,2022,07,경기,갑오징어류
갑오징어,48000,생산방류,2022,07,인천,갑오징어류
갑오징어,123000,생산방류,2022,07,인천,갑오징어류
갑오징어,50000,생산방류,2022,06,전남,갑오징어류
강도다리,94783,매입방류,2022,07,강원,가자미류
강도다리,137218,매입방류,2022,08,강원,가자미류
강도다리,70000,무상방류,2022,09,강원,가자미류
강도다리,34058,매입방류,2022,08,강원,가자미류
강도다리,35581,매입방류,2022,08,강원,가자미류
강도다리,70000,생산방류,2022,09,강원,가자미류
강도다리,65000,생산방류,2022,09,강원,가자미류
강도다리,65000,생산방류,2022,09,강원,가자미류
강도다리,97016,매입방류,2022,08,강원,가자미류
강도다리,97016,매입방류,2022,08,강원,가자미류
강도다리,40000,무상방류,2022,05,경북,가자미류
강도다리,155556,매입방류,2022,11,경북,가자미류
강도다리,400000,매입방류,2022,09,경북,가자미류
강도다리,96410,매입방류,2022,08,울산,가자미류
강도다리,94621,매입방류,2022,08,울산,가자미류
개볼락,20000,시험방류,2022,09,경북,기타볼락류
개볼락,20000,무상방류,2022,09,경북,기타볼락류
꼼치,137000,무상방류,2022,01,경남,꼼치류
꼼치,25900000,생산방류,2022,02,전남,꼼치류
꽃게,819058,매입방류,2022,01,경기,꽃게
꽃게,710679,매입방류,2022,07,경기,꽃게
꽃게,419885,매입방류,2022,07,경기,꽃게
꽃게,228000,매입방류,2022,06,경남,꽃게
꽃게,430289,매입방류,2022,01,경남,꽃게
꽃게,274726,매입방류,2022,07,경남,꽃게
꽃게,244211,매입방류,2022,06,경남,꽃게
꽃게,530937,매입방류,2022,09,인천,꽃게
꽃게,480221,매입방류,2022,07,인천,꽃게
꽃게,871373,매입방류,2022,07,인천,꽃게
꽃게,1151400,생산방류,2022,09,인천,꽃게
꽃게,950909,생산방류,2022,06,인천,꽃게
꽃게,300000,생산방류,2022,08,전남,꽃게
꽃게,200000,매입방류,2022,09,전남,꽃게
꽃게,156463,매입방류,2022,10,전남,꽃게
꽃게,91482,매입방류,2022,06,전남,꽃게
꽃게,70000,매입방류,2022,06,전남,꽃게
꽃게,70000,매입방류,2022,06,전남,꽃게
꽃게,100000,무상방류,2022,06,전북,꽃게
꽃게,50000,무상방류,2022,06,전북,꽃게
꽃게,100000,무상방류,2022,06,전북,꽃게
꽃게,889500,매입방류,2022,07,전북,꽃게
꽃게,437995,매입방류,2022,06,충남,꽃게
꽃게,522101,매입방류,2022,06,충남,꽃게
꽃게,838616,매입방류,2022,06,충남,꽃게
꽃게,390244,매입방류,2022,06,충남,꽃게
꽃게,566010,매입방류,2022,05,충남,꽃게
꽃게,208334,매입방류,2022,07,충남,꽃게
꽃게,216666,매입방류,2022,06,충남,꽃게
꽃게,90000,생산방류,2022,07,충남,꽃게
꽃게,90000,생산방류,2022,07,충남,꽃게
꽃게,90000,생산방류,2022,07,충남,꽃게
꽃게,90000,생산방류,2022,07,충남,꽃게
꽃게,90000,생산방류,2022,06,충남,꽃게
꽃게,90000,생산방류,2022,06,충남,꽃게
꽃게,1106250,매입방류,2022,07,충남,꽃게
꽃게,1346250,매입방류,2022,01,충남,꽃게
낙지,11000,매입방류,2022,06,전남,낙지류
넙치,30000,무상방류,2022,09,강원,넙치류(광어)
넙치,30000,생산방류,2022,09,강원,넙치류(광어)
넙치,30000,생산방류,2022,09,강원,넙치류(광어)
넙치,30000,생산방류,2022,09,강원,넙치류(광어)
넙치,30000,생산방류,2022,09,강원,넙치류(광어)
넙치,322294,매입방류,2022,01,경기,넙치류(광어)
넙치,1186391,매입방류,2022,07,경기,넙치류(광어)
넙치,654456,매입방류,2022,07,경기,넙치류(광어)
넙치,1159746,매입방류,2022,06,경기,넙치류(광어)
넙치,255000,생산방류,2022,05,부산,넙치류(광어)
넙치,469637,매입방류,2022,07,인천,넙치류(광어)
넙치,518135,매입방류,2022,01,전북,넙치류(광어)
넙치,464000,매입방류,2022,06,전북,넙치류(광어)
넙치,4480220,매입방류,2022,01,충남,넙치류(광어)
넙치,541908,매입방류,2022,07,충남,넙치류(광어)
넙치,141654,매입방류,2022,07,충남,넙치류(광어)
넙치,171495,매입방류,2022,07,충남,넙치류(광어)
넙치,134049,매입방류,2022,07,충남,넙치류(광어)
넙치,141654,매입방류,2022,07,충남,넙치류(광어)
대구,6000000,무상방류,2022,04,강원,대구
대구,6000000,생산방류,2022,04,강원,대구
대구,2000000,생산방류,2022,01,부산,대구
대농갱이,17200,매입방류,2022,10,강원,기타
대농갱이,50000,무상방류,2022,08,강원,기타
대농갱이,59735,매입방류,2022,10,강원,기타
대농갱이,76910,매입방류,2022,10,강원,기타
대농갱이,50000,생산방류,2022,09,강원,기타
대농갱이,50000,생산방류,2022,09,강원,기타
대농갱이,25000,생산방류,2022,08,강원,기타
대농갱이,25000,생산방류,2022,08,강원,기타
대농갱이,50000,생산방류,2022,08,강원,기타
대농갱이,232186,매입방류,2022,10,강원,기타
대농갱이,51200,매입방류,2022,10,강원,기타
대농갱이,82305,매입방류,2022,06,강원,기타
대농갱이,25000,무상방류,2022,08,강원,기타
대농갱이,25000,무상방류,2022,08,강원,기타
대농갱이,31304,매입방류,2022,10,강원,기타
대농갱이,31304,매입방류,2022,10,강원,기타
대농갱이,31304,매입방류,2022,10,강원,기타
대농갱이,41804,매입방류,2022,10,강원,기타
대농갱이,88888,매입방류,2022,11,경기,기타
대농갱이,142570,매입방류,2022,10,경기,기타
대농갱이,133080,매입방류,2022,09,경기,기타
대농갱이,180000,매입방류,2022,10,경기,기타
대농갱이,86957,매입방류,2022,05,경기,기타
대농갱이,27253,매입방류,2022,10,경기,기타
대농갱이,69205,매입방류,2022,09,경기,기타
대농갱이,15000,생산방류,2022,09,전북,기타
대농갱이,15000,생산방류,2022,09,전북,기타
대하,17773438,매입방류,2022,01,경기,기타갑각류
대하,2500000,무상방류,2022,06,전남,기타갑각류
대하,6703911,매입방류,2022,05,전남,기타갑각류
대하,2467670,매입방류,2022,05,전남,기타갑각류
대하,2000000,매입방류,2022,06,전남,기타갑각류
대하,2395605,매입방류,2022,06,전남,기타갑각류
대하,1250000,생산방류,2022,06,전남,기타갑각류
대하,1250000,생산방류,2022,06,전남,기타갑각류
대하,2500000,생산방류,2022,06,전남,기타갑각류
대하,1250000,생산방류,2022,06,전남,기타갑각류
대하,1250000,생산방류,2022,06,전남,기타갑각류
대하,2500000,생산방류,2022,06,전남,기타갑각류
대하,2500000,생산방류,2022,06,전남,기타갑각류
대하,1250000,생산방류,2022,06,전남,기타갑각류
대하,1250000,생산방류,2022,06,전남,기타갑각류
대하,2500000,생산방류,2022,06,전남,기타갑각류
대하,1250000,생산방류,2022,06,전남,기타갑각류
대하,1250000,생산방류,2022,06,전남,기타갑각류
대하,15665797,매입방류,2022,06,충남,기타갑각류
대하,17344436,매입방류,2022,07,충남,기타갑각류
대하,12437790,매입방류,2022,06,충남,기타갑각류
대하,6125875,매입방류,2022,06,충남,기타갑각류
대하,2742372,매입방류,2022,07,충남,기타갑각류
대하,4000000,생산방류,2022,05,충남,기타갑각류
대하,4000000,생산방류,2022,05,충남,기타갑각류
대하,4000000,생산방류,2022,05,충남,기타갑각류
대하,4000000,생산방류,2022,05,충남,기타갑각류
대하,4000000,생산방류,2022,05,충남,기타갑각류
대하,31595577,매입방류,2022,05,충남,기타갑각류
돌가자미,22314,매입방류,2022,08,강원,가자미류
돌가자미,22315,매입방류,2022,08,강원,가자미류
돌가자미,69056,매입방류,2022,08,강원,가자미류
돌가자미,41537,매입방류,2022,05,경남,가자미류
돌돔,291069,매입방류,2022,01,경남,돌돔(줄돔)
돌돔,122542,매입방류,2022,01,경남,돌돔(줄돔)
돌돔,55914,매입방류,2022,05,경남,돌돔(줄돔)
돌돔,55914,매입방류,2022,05,경남,돌돔(줄돔)
돌돔,167105,매입방류,2022,06,경남,돌돔(줄돔)
돌돔,126543,매입방류,2022,05,경남,돌돔(줄돔)
돌돔,52631,매입방류,2022,06,부산,돌돔(줄돔)
돌돔,104020,매입방류,2022,07,전남,돌돔(줄돔)
돌돔,143711,매입방류,2022,05,전남,돌돔(줄돔)
돌돔,21000,매입방류,2022,11,제주,돌돔(줄돔)
돌돔,45000,매입방류,2022,11,제주,돌돔(줄돔)
돌돔,45000,매입방류,2022,11,제주,돌돔(줄돔)
돌돔,42000,매입방류,2022,11,제주,돌돔(줄돔)
돌돔,43000,매입방류,2022,11,제주,돌돔(줄돔)
돌돔,45000,매입방류,2022,11,제주,돌돔(줄돔)
돌돔,45000,매입방류,2022,11,제주,돌돔(줄돔)
돌돔,25000,매입방류,2022,11,제주,돌돔(줄돔)
돌돔,17000,매입방류,2022,11,제주,돌돔(줄돔)
돌돔,43000,매입방류,2022,11,제주,돌돔(줄돔)
돌돔,21000,매입방류,2022,11,제주,돌돔(줄돔)
돌돔,10000,매입방류,2022,11,제주,돌돔(줄돔)
돌돔,42000,매입방류,2022,11,제주,돌돔(줄돔)
돌돔,45000,매입방류,2022,11,제주,돌돔(줄돔)
돌돔,42000,매입방류,2022,11,제주,돌돔(줄돔)
돌돔,42000,매입방류,2022,11,제주,돌돔(줄돔)
돌돔,42000,매입방류,2022,10,제주,돌돔(줄돔)
돌돔,42000,매입방류,2022,10,제주,돌돔(줄돔)
돌돔,16000,매입방류,2022,10,제주,돌돔(줄돔)
돌돔,26000,매입방류,2022,10,제주,돌돔(줄돔)
돌돔,42000,매입방류,2022,10,제주,돌돔(줄돔)
돌돔,35000,매입방류,2022,10,제주,돌돔(줄돔)
돌돔,43000,매입방류,2022,10,제주,돌돔(줄돔)
돌돔,42000,매입방류,2022,10,제주,돌돔(줄돔)
돌돔,12000,매입방류,2022,10,제주,돌돔(줄돔)
돌돔,31000,매입방류,2022,10,제주,돌돔(줄돔)
돌돔,43000,매입방류,2022,10,제주,돌돔(줄돔)
돌돔,42000,매입방류,2022,10,제주,돌돔(줄돔)
돌돔,42000,매입방류,2022,10,제주,돌돔(줄돔)
돌돔,42000,매입방류,2022,10,제주,돌돔(줄돔)
동남참게,393480,매입방류,2022,06,경남,기타
동남참게,93023,매입방류,2022,01,경남,기타
동남참게,18300,매입방류,2022,01,경남,기타
동남참게,105600,매입방류,2022,06,경남,기타
동남참게,10000,생산방류,2022,07,경남,기타
동남참게,20000,생산방류,2022,07,경남,기타
동남참게,38223,매입방류,2022,07,경남,기타
동남참게,157767,매입방류,2022,06,경남,기타
동남참게,5000,무상방류,2022,09,경북,기타
동남참게,160408,매입방류,2022,07,부산,기타
동남참게,95238,매입방류,2022,06,부산,기타
동남참게,200000,생산방류,2022,06,부산,기타
동남참게,108695,매입방류,2022,01,전남,기타
동남참게,295194,매입방류,2022,06,전남,기타
동자개,60000,무상방류,2022,08,강원,기타
동자개,82644,매입방류,2022,09,강원,기타
동자개,87652,매입방류,2022,09,강원,기타
동자개,60000,무상방류,2022,08,강원,기타
동자개,74289,매입방류,2022,09,강원,기타
동자개,252526,매입방류,2022,09,강원,기타
동자개,37676,매입방류,2022,09,강원,기타
동자개,37675,매입방류,2022,09,강원,기타
동자개,50000,무상방류,2022,09,강원,기타
동자개,28000,매입방류,2022,09,강원,기타
동자개,60000,무상방류,2022,08,강원,기타
동자개,28000,매입방류,2022,08,강원,기타
동자개,60000,무상방류,2022,08,강원,기타
동자개,50000,생산방류,2022,09,강원,기타
동자개,60000,생산방류,2022,08,강원,기타
동자개,60000,생산방류,2022,08,강원,기타
동자개,60000,생산방류,2022,08,강원,기타
동자개,60000,생산방류,2022,08,강원,기타
동자개,60000,생산방류,2022,08,강원,기타
동자개,60000,생산방류,2022,08,강원,기타
동자개,60000,생산방류,2022,08,강원,기타
동자개,25000,생산방류,2022,09,강원,기타
동자개,25000,생산방류,2022,09,강원,기타
동자개,245238,매입방류,2022,09,경기,기타
동자개,460610,매입방류,2022,09,경기,기타
동자개,137149,매입방류,2022,09,경기,기타
동자개,60000,매입방류,2022,05,경기,기타
동자개,21740,매입방류,2022,05,경기,기타
동자개,135747,매입방류,2022,05,경기,기타
동자개,80000,매입방류,2022,05,경기,기타
동자개,2000,무상방류,2022,08,경남,기타
동자개,69770,매입방류,2022,01,경남,기타
동자개,2000,생산방류,2022,08,경남,기타
동자개,3000,생산방류,2022,08,경남,기타
동자개,2000,생산방류,2022,08,경남,기타
동자개,1000,생산방류,2022,08,경남,기타
동자개,2000,생산방류,2022,08,경남,기타
동자개,1500,생산방류,2022,08,경남,기타
동자개,1500,생산방류,2022,08,경남,기타
동자개,20000,생산방류,2022,11,경북,기타
동자개,10000,생산방류,2022,11,경북,기타
동자개,20000,생산방류,2022,11,경북,기타
동자개,20000,생산방류,2022,11,경북,기타
동자개,20000,생산방류,2022,11,경북,기타
동자개,10000,생산방류,2022,11,경북,기타
동자개,20000,생산방류,2022,11,경북,기타
동자개,20000,생산방류,2022,11,경북,기타
동자개,20000,생산방류,2022,11,경북,기타
동자개,10000,생산방류,2022,10,경북,기타
동자개,50000,생산방류,2022,09,경북,기타
동자개,150000,생산방류,2022,09,경북,기타
동자개,100000,생산방류,2022,09,경북,기타
동자개,20000,생산방류,2022,10,경북,기타
동자개,10000,생산방류,2022,10,경북,기타
동자개,20000,무상방류,2022,11,경북,기타
동자개,15000,매입방류,2022,08,경북,기타
동자개,20000,무상방류,2022,11,경북,기타
동자개,20000,무상방류,2022,10,경북,기타
동자개,250000,무상방류,2022,09,경북,기타
동자개,135300,매입방류,2022,09,경북,기타
동자개,65217,매입방류,2022,09,경북,기타
동자개,26200,매입방류,2022,09,경북,기타
동자개,234428,매입방류,2022,09,전남,기타
동자개,165094,매입방류,2022,08,전북,기타
동자개,11500,매입방류,2022,01,전북,기타
동자개,4417,매입방류,2022,01,전북,기타
동자개,7000,매입방류,2022,01,전북,기타
동자개,5000,매입방류,2022,01,전북,기타
동자개,5000,매입방류,2022,01,전북,기타
동자개,11500,매입방류,2022,01,전북,기타
동자개,193798,매입방류,2022,01,전북,기타
동자개,123457,매입방류,2022,09,전북,기타
동자개,26375,매입방류,2022,10,전북,기타
동자개,100000,매입방류,2022,08,전북,기타
동자개,156863,매입방류,2022,09,충남,기타
동자개,105000,생산방류,2022,09,충남,기타
동자개,110000,생산방류,2022,09,충남,기타
동자개,212636,매입방류,2022,09,충남,기타
동자개,166667,매입방류,2022,09,충남,기타
동자개,24000,매입방류,2022,07,충남,기타
동자개,64104,매입방류,2022,05,충남,기타
동자개,21367,매입방류,2022,05,충남,기타
동자개,181819,매입방류,2022,01,충남,기타
뚝지,283905,매입방류,2022,04,강원,기타
뚝지,210000,무상방류,2022,04,강원,기타
뚝지,210000,생산방류,2022,04,강원,기타
뚝지,210000,생산방류,2022,04,강원,기타
뚝지,210000,생산방류,2022,04,강원,기타
뚝지,279329,매입방류,2022,04,강원,기타
뚝지,279329,매입방류,2022,04,강원,기타
뚝지,320000,매입방류,2022,04,강원,기타
뚝지,279571,매입방류,2022,04,강원,기타
뚝지,198824,매입방류,2022,04,강원,기타
말쥐치,62333,매입방류,2022,06,경남,쥐치류
말쥐치,62334,매입방류,2022,06,경남,쥐치류
말쥐치,62333,매입방류,2022,06,경남,쥐치류
말쥐치,128206,매입방류,2022,06,경남,쥐치류
말쥐치,92959,매입방류,2022,06,부산,쥐치류
말쥐치,125374,매입방류,2022,07,전북,쥐치류
메기,10000,매입방류,2022,08,강원,기타
메기,15909,매입방류,2022,08,강원,기타
메기,10000,매입방류,2022,08,강원,기타
메기,15000,매입방류,2022,08,강원,기타
메기,10000,매입방류,2022,08,강원,기타
메기,10000,매입방류,2022,08,강원,기타
메기,10000,매입방류,2022,08,강원,기타
메기,10000,매입방류,2022,08,강원,기타
메기,183672,매입방류,2022,07,강원,기타
메기,196657,매입방류,2022,08,강원,기타
메기,3000,무상방류,2022,06,경남,기타
메기,7000,생산방류,2022,06,경남,기타
메기,3000,생산방류,2022,06,경남,기타
메기,5000,생산방류,2022,06,경남,기타
메기,5000,생산방류,2022,06,경남,기타
메기,5000,생산방류,2022,06,경남,기타
메기,2000,생산방류,2022,06,경남,기타
메기,2000,생산방류,2022,06,경남,기타
메기,1000,생산방류,2022,06,경남,기타
메기,3000,생산방류,2022,06,경남,기타
메기,2000,생산방류,2022,06,경남,기타
메기,5000,생산방류,2022,06,경남,기타
메기,1000,생산방류,2022,06,경남,기타
메기,3000,생산방류,2022,06,경남,기타
메기,3000,생산방류,2022,06,경남,기타
메기,3000,생산방류,2022,06,경남,기타
메기,7000,무상방류,2022,06,경남,기타
메기,20000,매입방류,2022,01,경북,기타
메기,15000,매입방류,2022,08,경북,기타
메기,12500,매입방류,2022,08,경북,기타
메기,360300,매입방류,2022,09,경북,기타
메기,8000,매입방류,2022,08,경북,기타
메기,65249,매입방류,2022,06,경북,기타
메기,72000,매입방류,2022,07,경북,기타
메기,36251,매입방류,2022,06,경북,기타
메기,355548,매입방류,2022,06,전남,기타
메기,254716,매입방류,2022,05,전북,기타
메기,475421,매입방류,2022,01,전북,기타
메기,41720,매입방류,2022,01,전북,기타
메기,344828,매입방류,2022,06,전북,기타
메기,41720,매입방류,2022,01,전북,기타
메기,113637,매입방류,2022,01,충남,기타
메기,190477,매입방류,2022,06,충남,기타
메기,48000,매입방류,2022,07,충남,기타
메기,32727,매입방류,2022,08,충남,기타
메기,36362,매입방류,2022,08,충남,기타
메기,87844,매입방류,2022,06,충남,기타
메기,272728,매입방류,2022,01,충남,기타
명태,200000,무상방류,2022,04,강원,대구
명태,200000,생산방류,2022,04,강원,대구
문치가자미,50000,매입방류,2022,08,강원,가자미류
문치가자미,92986,매입방류,2022,07,강원,가자미류
문치가자미,134003,매입방류,2022,01,경남,가자미류
문치가자미,38600,매입방류,2022,05,경남,가자미류
문치가자미,28601,매입방류,2022,06,경남,가자미류
문치가자미,28601,매입방류,2022,06,경남,가자미류
문치가자미,132928,매입방류,2022,06,경남,가자미류
문치가자미,31788,매입방류,2022,07,경남,가자미류
문치가자미,43525,매입방류,2022,05,경남,가자미류
문치가자미,85801,매입방류,2022,05,경남,가자미류
문치가자미,750000,무상방류,2022,07,경북,가자미류
문치가자미,120000,무상방류,2022,07,경북,가자미류
문치가자미,118000,무상방류,2022,07,경북,가자미류
문치가자미,108696,매입방류,2022,06,경북,가자미류
문치가자미,67325,매입방류,2022,09,충남,가자미류
문치가자미,23170,매입방류,2022,09,충남,가자미류
물렁가시붉은새우,300000,무상방류,2022,05,경북,기타갑각류
미꾸라지,272728,매입방류,2022,08,경기,기타
미꾸라지,53330,매입방류,2022,09,경북,기타
미꾸라지,27373,매입방류,2022,08,경북,기타
미꾸라지,200000,생산방류,2022,08,전북,기타
미꾸라지,250000,생산방류,2022,08,전북,기타
미꾸라지,200000,생산방류,2022,08,전북,기타
미꾸라지,200000,생산방류,2022,07,전북,기타
미꾸라지,170000,생산방류,2022,07,전북,기타
미꾸라지,170000,생산방류,2022,06,전북,기타
미꾸라지,200000,무상방류,2022,01,전북,기타
미꾸라지,170000,무상방류,2022,06,전북,기타
미꾸리,3000,생산방류,2022,09,경기,기타
미꾸리,5000,생산방류,2022,09,경기,기타
미꾸리,3000,생산방류,2022,09,경기,기타
미꾸리,4000,생산방류,2022,09,경기,기타
미꾸리,6000,생산방류,2022,09,경기,기타
미꾸리,6000,생산방류,2022,09,경기,기타
미꾸리,5000,생산방류,2022,09,경기,기타
미꾸리,3000,생산방류,2022,09,경기,기타
미꾸리,5000,생산방류,2022,09,경기,기타
미꾸리,156000,매입방류,2022,06,경남,기타
미꾸리,5000,무상방류,2022,08,경남,기타
미꾸리,5000,생산방류,2022,08,경남,기타
미꾸리,5000,생산방류,2022,08,경남,기타
미꾸리,2500,생산방류,2022,08,경남,기타
미꾸리,2500,생산방류,2022,08,경남,기타
미꾸리,5000,생산방류,2022,08,경남,기타
미꾸리,2000,생산방류,2022,07,경남,기타
미꾸리,5000,생산방류,2022,07,경남,기타
미꾸리,2000,생산방류,2022,07,경남,기타
미꾸리,3000,생산방류,2022,07,경남,기타
미꾸리,2500,생산방류,2022,07,경남,기타
미꾸리,2500,생산방류,2022,07,경남,기타
미꾸리,5000,생산방류,2022,07,경남,기타
미꾸리,2000,생산방류,2022,07,경남,기타
미꾸리,3000,생산방류,2022,07,경남,기타
미꾸리,3000,생산방류,2022,07,경남,기타
미꾸리,5000,무상방류,2022,07,경남,기타
미꾸리,50000,생산방류,2022,09,경북,기타
미꾸리,50000,생산방류,2022,09,경북,기타
미꾸리,30000,생산방류,2022,09,경북,기타
미꾸리,50000,생산방류,2022,09,경북,기타
미꾸리,30000,생산방류,2022,09,경북,기타
미꾸리,30000,생산방류,2022,08,경북,기타
미꾸리,30000,생산방류,2022,09,경북,기타
미꾸리,30000,생산방류,2022,09,경북,기타
미꾸리,53330,매입방류,2022,08,경북,기타
미꾸리,110000,매입방류,2022,07,경북,기타
미유기,20000,무상방류,2022,01,강원,기타
미유기,22222,매입방류,2022,06,강원,기타
미유기,20000,무상방류,2022,06,강원,기타
미유기,24610,매입방류,2022,06,강원,기타
미유기,20000,무상방류,2022,06,강원,기타
미유기,24610,매입방류,2022,05,강원,기타
미유기,20000,생산방류,2022,06,강원,기타
미유기,20000,생산방류,2022,06,강원,기타
미유기,20000,생산방류,2022,06,강원,기타
미유기,20000,생산방류,2022,06,강원,기타
미유기,20000,생산방류,2022,06,강원,기타
미유기,20000,생산방류,2022,06,강원,기타
미유기,20000,생산방류,2022,06,강원,기타
민어,50000,생산방류,2022,05,전남,민어
박대,100000,무상방류,2022,11,전북,가자미류
뱀장어,4311,매입방류,2022,01,강원,갯장어
뱀장어,5000,무상방류,2022,07,강원,갯장어
뱀장어,2620,매입방류,2022,01,강원,갯장어
뱀장어,5000,무상방류,2022,07,강원,갯장어
뱀장어,3916,매입방류,2022,06,강원,갯장어
뱀장어,1000,매입방류,2022,07,강원,갯장어
뱀장어,1000,매입방류,2022,07,강원,갯장어
뱀장어,3163,매입방류,2022,07,강원,갯장어
뱀장어,8598,매입방류,2022,06,강원,갯장어
뱀장어,8289,매입방류,2022,07,강원,갯장어
뱀장어,5000,무상방류,2022,07,강원,갯장어
뱀장어,5000,무상방류,2022,07,강원,갯장어
뱀장어,5000,매입방류,2022,07,강원,갯장어
뱀장어,5000,매입방류,2022,07,강원,갯장어
뱀장어,5000,매입방류,2022,07,강원,갯장어
뱀장어,5000,매입방류,2022,07,강원,갯장어
뱀장어,5000,매입방류,2022,07,강원,갯장어
뱀장어,5000,매입방류,2022,07,강원,갯장어
뱀장어,19422,매입방류,2022,07,강원,갯장어
뱀장어,24536,매입방류,2022,06,경기,갯장어
뱀장어,15145,매입방류,2022,05,경기,갯장어
뱀장어,6274,매입방류,2022,07,경기,갯장어
뱀장어,6143,매입방류,2022,05,경기,갯장어
뱀장어,11376,매입방류,2022,06,경기,갯장어
뱀장어,7548,매입방류,2022,06,경기,갯장어
뱀장어,7441,매입방류,2022,06,경기,갯장어
뱀장어,13688,매입방류,2022,06,경기,갯장어
뱀장어,21471,매입방류,2022,06,경기,갯장어
뱀장어,18073,매입방류,2022,05,경남,갯장어
뱀장어,13340,매입방류,2022,07,경북,갯장어
뱀장어,496,매입방류,2022,06,경북,갯장어
뱀장어,386,매입방류,2022,06,경북,갯장어
뱀장어,4114,매입방류,2022,05,전남,갯장어
뱀장어,500,매입방류,2022,05,전남,갯장어
뱀장어,500,매입방류,2022,05,전남,갯장어
뱀장어,1000,매입방류,2022,05,전남,갯장어
뱀장어,500,매입방류,2022,05,전남,갯장어
뱀장어,500,매입방류,2022,05,전남,갯장어
뱀장어,500,매입방류,2022,05,전남,갯장어
뱀장어,68653,매입방류,2022,05,전남,갯장어
뱀장어,17241,매입방류,2022,04,전북,갯장어
뱀장어,5065,매입방류,2022,01,전북,갯장어
뱀장어,3665,매입방류,2022,07,전북,갯장어
뱀장어,8700,매입방류,2022,05,전북,갯장어
뱀장어,14279,매입방류,2022,05,충남,갯장어
뱀장어,10586,매입방류,2022,07,충남,갯장어
뱀장어,14115,매입방류,2022,07,충남,갯장어
뱀장어,3159,매입방류,2022,06,충남,갯장어
뱀장어,1052,매입방류,2022,06,충남,갯장어
버들치,7000,무상방류,2022,06,경남,기타
버들치,4000,생산방류,2022,06,경남,기타
버들치,7000,생산방류,2022,06,경남,기타
버들치,5000,생산방류,2022,06,경남,기타
버들치,8000,생산방류,2022,06,경남,기타
버들치,10000,생산방류,2022,06,경남,기타
버들치,5000,생산방류,2022,06,경남,기타
버들치,7000,생산방류,2022,06,경남,기타
버들치,4000,생산방류,2022,06,경남,기타
버들치,20000,생산방류,2022,08,경북,기타
버들치,20000,생산방류,2022,08,경북,기타
버들치,20000,생산방류,2022,08,경북,기타
버들치,20000,생산방류,2022,08,경북,기타
버들치,40000,생산방류,2022,08,경북,기타
버들치,20000,생산방류,2022,08,경북,기타
버들치,10000,생산방류,2022,08,경북,기타
버들치,20000,무상방류,2022,08,경북,기타
보리새우,1000000,무상방류,2022,08,경남,기타갑각류
보리새우,7515236,매입방류,2022,01,경남,기타갑각류
보리새우,898200,매입방류,2022,09,경남,기타갑각류
보리새우,1506025,매입방류,2022,08,경남,기타갑각류
보리새우,661479,매입방류,2022,08,경남,기타갑각류
보리새우,5670000,생산방류,2022,11,부산,기타갑각류
보리새우,500000,생산방류,2022,11,전남,기타갑각류
보리새우,1500000,매입방류,2022,07,전남,기타갑각류
보리새우,327944,매입방류,2022,08,전남,기타갑각류
보리새우,300000,매입방류,2022,08,전남,기타갑각류
볼락,430108,매입방류,2022,01,경남,기타볼락류
볼락,80062,매입방류,2022,05,경남,기타볼락류
볼락,335008,매입방류,2022,01,경남,기타볼락류
볼락,8000,매입방류,2022,05,경남,기타볼락류
볼락,30000,매입방류,2022,05,경남,기타볼락류
볼락,77991,매입방류,2022,05,경남,기타볼락류
볼락,85801,매입방류,2022,05,경남,기타볼락류
볼락,205217,매입방류,2022,05,경남,기타볼락류
볼락,60000,시험방류,2022,09,경북,기타볼락류
볼락,60000,무상방류,2022,09,경북,기타볼락류
붕어,185186,매입방류,2022,09,강원,기타어류
붕어,50000,무상방류,2022,10,강원,기타어류
붕어,193982,매입방류,2022,09,강원,기타어류
붕어,50000,생산방류,2022,10,강원,기타어류
붕어,50000,생산방류,2022,10,강원,기타어류
붕어,193805,매입방류,2022,09,강원,기타어류
붕어,113957,매입방류,2022,10,강원,기타어류
붕어,128586,매입방류,2022,10,강원,기타어류
붕어,10000,생산방류,2022,09,경기,기타어류
붕어,8000,생산방류,2022,09,경기,기타어류
붕어,11000,생산방류,2022,09,경기,기타어류
붕어,11000,생산방류,2022,09,경기,기타어류
붕어,7000,생산방류,2022,09,경기,기타어류
붕어,8000,생산방류,2022,09,경기,기타어류
붕어,7000,생산방류,2022,09,경기,기타어류
붕어,8000,생산방류,2022,09,경기,기타어류
붕어,6000,생산방류,2022,05,경기,기타어류
붕어,8000,생산방류,2022,05,경기,기타어류
붕어,4000,생산방류,2022,05,경기,기타어류
붕어,6000,생산방류,2022,05,경기,기타어류
붕어,6000,생산방류,2022,05,경기,기타어류
붕어,160000,매입방류,2022,05,경남,기타어류
붕어,165546,매입방류,2022,01,경남,기타어류
붕어,17000,매입방류,2022,09,경남,기타어류
붕어,12000,매입방류,2022,09,경남,기타어류
붕어,12000,매입방류,2022,09,경남,기타어류
붕어,4500,매입방류,2022,09,경남,기타어류
붕어,4500,매입방류,2022,09,경남,기타어류
붕어,5000,매입방류,2022,10,경남,기타어류
붕어,3500,매입방류,2022,10,경남,기타어류
붕어,5000,매입방류,2022,10,경남,기타어류
붕어,5000,매입방류,2022,10,경남,기타어류
붕어,2000,매입방류,2022,10,경남,기타어류
붕어,10000,매입방류,2022,10,경남,기타어류
붕어,5000,매입방류,2022,10,경남,기타어류
붕어,1500,매입방류,2022,10,경남,기타어류
붕어,1500,매입방류,2022,10,경남,기타어류
붕어,2500,매입방류,2022,10,경남,기타어류
붕어,5000,매입방류,2022,10,경남,기타어류
붕어,1500,매입방류,2022,10,경남,기타어류
붕어,67697,매입방류,2022,07,경남,기타어류
붕어,50000,매입방류,2022,01,경남,기타어류
붕어,124666,매입방류,2022,10,경남,기타어류
붕어,10000,생산방류,2022,07,경남,기타어류
붕어,10000,생산방류,2022,07,경남,기타어류
붕어,10000,생산방류,2022,07,경남,기타어류
붕어,3000,생산방류,2022,07,경남,기타어류
붕어,3000,생산방류,2022,07,경남,기타어류
붕어,4000,생산방류,2022,07,경남,기타어류
붕어,5000,생산방류,2022,07,경남,기타어류
붕어,5000,생산방류,2022,07,경남,기타어류
붕어,10000,생산방류,2022,07,경남,기타어류
붕어,5000,생산방류,2022,07,경남,기타어류
붕어,5000,생산방류,2022,07,경남,기타어류
붕어,2000,생산방류,2022,07,경남,기타어류
붕어,3000,생산방류,2022,07,경남,기타어류
붕어,5000,생산방류,2022,07,경남,기타어류
붕어,30000,생산방류,2022,07,경남,기타어류
붕어,30000,생산방류,2022,07,경남,기타어류
붕어,5000,생산방류,2022,07,경남,기타어류
붕어,5000,생산방류,2022,07,경남,기타어류
붕어,5000,생산방류,2022,07,경남,기타어류
붕어,5000,생산방류,2022,07,경남,기타어류
붕어,30000,생산방류,2022,07,경남,기타어류
붕어,87913,매입방류,2022,08,경남,기타어류
붕어,20000,무상방류,2022,07,경남,기타어류
붕어,170882,매입방류,2022,08,경남,기타어류
붕어,307415,매입방류,2022,06,경남,기타어류
붕어,40000,무상방류,2022,09,경북,기타어류
붕어,38000,매입방류,2022,01,경북,기타어류
붕어,40000,무상방류,2022,01,경북,기타어류
붕어,2000,생산방류,2022,09,경북,기타어류
붕어,2000,생산방류,2022,09,경북,기타어류
붕어,4000,생산방류,2022,09,경북,기타어류
붕어,2000,생산방류,2022,09,경북,기타어류
붕어,2000,생산방류,2022,09,경북,기타어류
붕어,2000,생산방류,2022,09,경북,기타어류
붕어,2000,생산방류,2022,09,경북,기타어류
붕어,2000,생산방류,2022,09,경북,기타어류
붕어,2000,생산방류,2022,09,경북,기타어류
붕어,2000,생산방류,2022,09,경북,기타어류
붕어,2000,생산방류,2022,09,경북,기타어류
붕어,2000,생산방류,2022,09,경북,기타어류
붕어,2000,생산방류,2022,09,경북,기타어류
붕어,2000,생산방류,2022,09,경북,기타어류
붕어,2000,생산방류,2022,09,경북,기타어류
붕어,2000,생산방류,2022,09,경북,기타어류
붕어,2000,생산방류,2022,09,경북,기타어류
붕어,2000,생산방류,2022,09,경북,기타어류
붕어,2000,생산방류,2022,09,경북,기타어류
붕어,20000,생산방류,2022,09,경북,기타어류
붕어,10000,생산방류,2022,09,경북,기타어류
붕어,10000,생산방류,2022,09,경북,기타어류
붕어,10000,생산방류,2022,09,경북,기타어류
붕어,30000,생산방류,2022,09,경북,기타어류
붕어,30000,생산방류,2022,09,경북,기타어류
붕어,10000,생산방류,2022,09,경북,기타어류
붕어,10000,생산방류,2022,08,경북,기타어류
붕어,10000,생산방류,2022,09,경북,기타어류
붕어,10000,생산방류,2022,09,경북,기타어류
붕어,40000,생산방류,2022,09,경북,기타어류
붕어,10000,생산방류,2022,08,경북,기타어류
붕어,10000,생산방류,2022,08,경북,기타어류
붕어,10000,생산방류,2022,08,경북,기타어류
붕어,10000,생산방류,2022,08,경북,기타어류
붕어,10000,생산방류,2022,08,경북,기타어류
붕어,10000,생산방류,2022,08,경북,기타어류
붕어,20000,생산방류,2022,08,경북,기타어류
붕어,10000,생산방류,2022,08,경북,기타어류
붕어,10000,생산방류,2022,08,경북,기타어류
붕어,20000,생산방류,2022,08,경북,기타어류
붕어,20000,생산방류,2022,08,경북,기타어류
붕어,20000,생산방류,2022,08,경북,기타어류
붕어,10000,생산방류,2022,08,경북,기타어류
붕어,10000,생산방류,2022,08,경북,기타어류
붕어,10000,생산방류,2022,08,경북,기타어류
붕어,249075,매입방류,2022,09,경북,기타어류
붕어,14560,매입방류,2022,09,경북,기타어류
붕어,20920,매입방류,2022,09,경북,기타어류
붕어,36900,매입방류,2022,08,경북,기타어류
붕어,2600,매입방류,2022,09,경북,기타어류
붕어,2700,매입방류,2022,09,경북,기타어류
붕어,2700,매입방류,2022,09,경북,기타어류
붕어,2700,매입방류,2022,09,경북,기타어류
붕어,2700,매입방류,2022,09,경북,기타어류
붕어,2700,매입방류,2022,09,경북,기타어류
붕어,2700,매입방류,2022,09,경북,기타어류
붕어,2700,매입방류,2022,09,경북,기타어류
붕어,2700,매입방류,2022,09,경북,기타어류
붕어,2700,매입방류,2022,09,경북,기타어류
붕어,2700,매입방류,2022,09,경북,기타어류
붕어,2700,매입방류,2022,09,경북,기타어류
붕어,2700,매입방류,2022,09,경북,기타어류
붕어,43392,매입방류,2022,06,경북,기타어류
붕어,10000,무상방류,2022,08,경북,기타어류
붕어,50000,매입방류,2022,07,경북,기타어류
붕어,24108,매입방류,2022,06,경북,기타어류
붕어,500281,매입방류,2022,01,부산,기타어류
붕어,105911,매입방류,2022,01,전남,기타어류
붕어,3000,매입방류,2022,06,전남,기타어류
붕어,3000,매입방류,2022,06,전남,기타어류
붕어,5000,매입방류,2022,06,전남,기타어류
붕어,22000,매입방류,2022,06,전남,기타어류
붕어,22000,매입방류,2022,06,전남,기타어류
붕어,3000,매입방류,2022,06,전남,기타어류
붕어,3000,매입방류,2022,06,전남,기타어류
붕어,5000,매입방류,2022,06,전남,기타어류
붕어,3000,매입방류,2022,06,전남,기타어류
붕어,3000,매입방류,2022,06,전남,기타어류
붕어,3000,매입방류,2022,06,전남,기타어류
붕어,3000,매입방류,2022,06,전남,기타어류
붕어,3000,매입방류,2022,06,전남,기타어류
붕어,30000,매입방류,2022,06,전남,기타어류
붕어,5000,매입방류,2022,06,전남,기타어류
붕어,3000,매입방류,2022,06,전남,기타어류
붕어,3000,매입방류,2022,06,전남,기타어류
붕어,3000,매입방류,2022,06,전남,기타어류
붕어,3000,매입방류,2022,06,전남,기타어류
붕어,3000,매입방류,2022,06,전남,기타어류
붕어,3000,매입방류,2022,06,전남,기타어류
붕어,3000,매입방류,2022,06,전남,기타어류
붕어,3000,매입방류,2022,06,전남,기타어류
붕어,3000,매입방류,2022,06,전남,기타어류
붕어,5000,매입방류,2022,06,전남,기타어류
붕어,5000,매입방류,2022,06,전남,기타어류
붕어,5000,매입방류,2022,06,전남,기타어류
붕어,3000,매입방류,2022,06,전남,기타어류
붕어,3000,매입방류,2022,06,전남,기타어류
붕어,3000,매입방류,2022,06,전남,기타어류
붕어,3000,매입방류,2022,06,전남,기타어류
붕어,3000,매입방류,2022,06,전남,기타어류
붕어,3000,매입방류,2022,06,전남,기타어류
붕어,22000,매입방류,2022,06,전남,기타어류
붕어,5000,매입방류,2022,06,전남,기타어류
붕어,5000,매입방류,2022,06,전남,기타어류
붕어,5000,매입방류,2022,06,전남,기타어류
붕어,3000,매입방류,2022,06,전남,기타어류
붕어,3000,매입방류,2022,06,전남,기타어류
붕어,3000,매입방류,2022,06,전남,기타어류
붕어,346350,매입방류,2022,09,전남,기타어류
붕어,283018,매입방류,2022,05,전북,기타어류
붕어,321362,매입방류,2022,01,전북,기타어류
붕어,3500,매입방류,2022,01,전북,기타어류
붕어,40000,생산방류,2022,07,전북,기타어류
붕어,30000,생산방류,2022,07,전북,기타어류
붕어,40000,생산방류,2022,07,전북,기타어류
붕어,40000,생산방류,2022,07,전북,기타어류
붕어,40000,생산방류,2022,07,전북,기타어류
붕어,40000,생산방류,2022,07,전북,기타어류
붕어,50000,생산방류,2022,07,전북,기타어류
붕어,70000,생산방류,2022,07,전북,기타어류
붕어,50000,무상방류,2022,01,전북,기타어류
붕어,30000,매입방류,2022,01,전북,기타어류
붕어,15000,매입방류,2022,01,전북,기타어류
붕어,13000,매입방류,2022,01,전북,기타어류
붕어,40000,매입방류,2022,01,전북,기타어류
붕어,14000,매입방류,2022,01,전북,기타어류
붕어,345715,매입방류,2022,08,전북,기타어류
붕어,833334,매입방류,2022,01,전북,기타어류
붕어,45500,매입방류,2022,08,전북,기타어류
붕어,133800,매입방류,2022,08,전북,기타어류
붕어,440000,매입방류,2022,07,전북,기타어류
붕어,46047,매입방류,2022,10,전북,기타어류
붕어,40000,무상방류,2022,07,전북,기타어류
붕어,200000,매입방류,2022,08,전북,기타어류
붕어,263049,매입방류,2022,01,충남,기타어류
붕어,135000,생산방류,2022,09,충남,기타어류
붕어,30000,생산방류,2022,09,충남,기타어류
붕어,170000,생산방류,2022,09,충남,기타어류
붕어,180000,매입방류,2022,07,충남,기타어류
붕어,64890,매입방류,2022,06,충남,기타어류
붕어,736842,매입방류,2022,05,충남,기타어류
빙어,250000,생산방류,2022,04,경기,기타어류
빙어,300000,생산방류,2022,04,경기,기타어류
빙어,150000,생산방류,2022,04,경기,기타어류
빙어,350000,생산방류,2022,03,경기,기타어류
빙어,350000,생산방류,2022,03,경기,기타어류
빙어,2000000,무상방류,2022,04,경남,기타어류
빙어,1000000,무상방류,2022,04,경남,기타어류
빙어,2000000,생산방류,2022,03,경남,기타어류
빙어,500000,생산방류,2022,04,경남,기타어류
빙어,500000,생산방류,2022,04,경남,기타어류
빙어,1000000,생산방류,2022,04,경남,기타어류
빙어,500000,생산방류,2022,04,경남,기타어류
빙어,500000,생산방류,2022,04,경남,기타어류
빙어,1000000,생산방류,2022,04,경남,기타어류
빙어,1000000,생산방류,2022,04,경남,기타어류
빙어,2000000,생산방류,2022,03,경남,기타어류
빙어,1000000,생산방류,2022,03,경남,기타어류
빙어,30000,시험방류,2022,07,경북,기타어류
쏘가리,21591,매입방류,2022,08,강원,기타어류
쏘가리,32120,매입방류,2022,07,강원,기타어류
쏘가리,46729,매입방류,2022,10,강원,기타어류
쏘가리,76800,매입방류,2022,07,강원,기타어류
쏘가리,11892,매입방류,2022,07,강원,기타어류
쏘가리,11892,매입방류,2022,07,강원,기타어류
쏘가리,70137,매입방류,2022,06,강원,기타어류
쏘가리,10256,매입방류,2022,06,강원,기타어류
쏘가리,39480,매입방류,2022,06,경기,기타어류
쏘가리,37132,매입방류,2022,09,경기,기타어류
쏘가리,20000,매입방류,2022,07,경기,기타어류
쏘가리,16667,매입방류,2022,07,경기,기타어류
쏘가리,21979,매입방류,2022,01,경기,기타어류
쏘가리,20000,매입방류,2022,06,경기,기타어류
쏘가리,1000,생산방류,2022,07,경기,기타어류
쏘가리,1000,생산방류,2022,07,경기,기타어류
쏘가리,1000,생산방류,2022,07,경기,기타어류
쏘가리,1000,생산방류,2022,07,경기,기타어류
쏘가리,1000,생산방류,2022,07,경기,기타어류
쏘가리,1000,생산방류,2022,07,경기,기타어류
쏘가리,1000,생산방류,2022,07,경기,기타어류
쏘가리,2000,생산방류,2022,07,경기,기타어류
쏘가리,1000,생산방류,2022,07,경기,기타어류
쏘가리,30928,매입방류,2022,01,경남,기타어류
쏘가리,41360,매입방류,2022,08,경남,기타어류
쏘가리,11112,매입방류,2022,07,경남,기타어류
쏘가리,20000,매입방류,2022,06,경남,기타어류
쏘가리,88000,매입방류,2022,07,경북,기타어류
쏘가리,4500,매입방류,2022,08,경북,기타어류
쏘가리,23000,매입방류,2022,09,경북,기타어류
쏘가리,16135,매입방류,2022,06,경북,기타어류
쏘가리,10000,매입방류,2022,07,경북,기타어류
쏘가리,8965,매입방류,2022,06,경북,기타어류
쏘가리,39890,매입방류,2022,07,전남,기타어류
쏘가리,10000,생산방류,2022,06,전북,기타어류
쏘가리,10000,생산방류,2022,06,전북,기타어류
쏘가리,10000,생산방류,2022,06,전북,기타어류
쏘가리,31579,매입방류,2022,01,전북,기타어류
쏘가리,10000,매입방류,2022,07,전북,기타어류
쏘가리,10000,무상방류,2022,06,전북,기타어류
쏘가리,2967,매입방류,2022,10,전북,기타어류
쏘가리,25000,매입방류,2022,01,전북,기타어류
연어,100000,생산방류,2022,01,강원,송어류
연어,100000,생산방류,2022,01,강원,송어류
연어,180000,생산방류,2022,03,경남,송어류
연어,50000,생산방류,2022,03,경남,송어류
연어,900000,생산방류,2022,02,경북,송어류
연어,530000,생산방류,2022,02,울산,송어류
연어,450000,생산방류,2022,01,전남,송어류
왕우럭,84800,시험방류,2022,03,부산,조피볼락(우럭)
은어,50000,무상방류,2022,03,강원,기타어류
은어,48850,매입방류,2022,05,강원,기타어류
은어,17000,매입방류,2022,05,강원,기타어류
은어,17000,매입방류,2022,05,강원,기타어류
은어,16000,매입방류,2022,05,강원,기타어류
은어,10000,무상방류,2022,03,경남,기타어류
은어,173840,매입방류,2022,03,경남,기타어류
은어,50000,생산방류,2022,03,경남,기타어류
은어,20000,생산방류,2022,03,경남,기타어류
은어,20000,생산방류,2022,03,경남,기타어류
은어,10000,생산방류,2022,03,경남,기타어류
은어,10000,생산방류,2022,03,경남,기타어류
은어,20000,생산방류,2022,03,경남,기타어류
은어,20000,생산방류,2022,03,경남,기타어류
은어,136364,매입방류,2022,03,경북,기타어류
은어,106000,생산방류,2022,02,부산,기타어류
은어,55000,생산방류,2022,03,전북,기타어류
은어,55000,생산방류,2022,03,전북,기타어류
은어,50000,생산방류,2022,03,전북,기타어류
잉어,125306,매입방류,2022,01,경남,기타어류
잉어,10000,매입방류,2022,09,경남,기타어류
잉어,23000,매입방류,2022,09,경남,기타어류
잉어,23000,매입방류,2022,09,경남,기타어류
잉어,10000,매입방류,2022,09,경남,기타어류
잉어,34000,매입방류,2022,09,경남,기타어류
잉어,5000,매입방류,2022,10,경남,기타어류
잉어,5000,매입방류,2022,10,경남,기타어류
잉어,3500,매입방류,2022,10,경남,기타어류
잉어,5000,매입방류,2022,10,경남,기타어류
잉어,10000,매입방류,2022,10,경남,기타어류
잉어,2000,매입방류,2022,10,경남,기타어류
잉어,1500,매입방류,2022,10,경남,기타어류
잉어,5000,매입방류,2022,10,경남,기타어류
잉어,1500,매입방류,2022,10,경남,기타어류
잉어,1500,매입방류,2022,10,경남,기타어류
잉어,2500,매입방류,2022,10,경남,기타어류
잉어,5000,매입방류,2022,10,경남,기타어류
잉어,69536,매입방류,2022,07,경남,기타어류
잉어,50000,매입방류,2022,06,경남,기타어류
잉어,50000,생산방류,2022,07,경남,기타어류
잉어,25000,생산방류,2022,07,경남,기타어류
잉어,25000,생산방류,2022,07,경남,기타어류
잉어,5000,생산방류,2022,07,경남,기타어류
잉어,7000,생산방류,2022,07,경남,기타어류
잉어,7000,생산방류,2022,07,경남,기타어류
잉어,16000,생산방류,2022,07,경남,기타어류
잉어,5000,생산방류,2022,07,경남,기타어류
잉어,5000,생산방류,2022,07,경남,기타어류
잉어,20000,생산방류,2022,07,경남,기타어류
잉어,5000,생산방류,2022,07,경남,기타어류
잉어,5000,생산방류,2022,07,경남,기타어류
잉어,3000,생산방류,2022,07,경남,기타어류
잉어,2000,생산방류,2022,07,경남,기타어류
잉어,30000,생산방류,2022,07,경남,기타어류
잉어,30000,생산방류,2022,07,경남,기타어류
잉어,30000,생산방류,2022,07,경남,기타어류
잉어,5000,생산방류,2022,07,경남,기타어류
잉어,5000,생산방류,2022,07,경남,기타어류
잉어,35000,생산방류,2022,07,경남,기타어류
잉어,5000,생산방류,2022,07,경남,기타어류
잉어,87913,매입방류,2022,08,경남,기타어류
잉어,50000,무상방류,2022,07,경남,기타어류
잉어,170882,매입방류,2022,08,경남,기타어류
잉어,283768,매입방류,2022,06,경남,기타어류
잉어,10000,무상방류,2022,09,경북,기타어류
잉어,38000,매입방류,2022,01,경북,기타어류
잉어,10000,무상방류,2022,01,경북,기타어류
잉어,2000,생산방류,2022,09,경북,기타어류
잉어,2000,생산방류,2022,09,경북,기타어류
잉어,2000,생산방류,2022,09,경북,기타어류
잉어,2000,생산방류,2022,09,경북,기타어류
잉어,2000,생산방류,2022,09,경북,기타어류
잉어,10000,생산방류,2022,09,경북,기타어류
잉어,10000,생산방류,2022,09,경북,기타어류
잉어,10000,생산방류,2022,09,경북,기타어류
잉어,10000,생산방류,2022,09,경북,기타어류
잉어,10000,생산방류,2022,09,경북,기타어류
잉어,10000,생산방류,2022,08,경북,기타어류
잉어,10000,생산방류,2022,08,경북,기타어류
잉어,10000,생산방류,2022,08,경북,기타어류
잉어,10000,생산방류,2022,09,경북,기타어류
잉어,10000,생산방류,2022,08,경북,기타어류
잉어,20000,생산방류,2022,08,경북,기타어류
잉어,10000,생산방류,2022,08,경북,기타어류
잉어,10000,생산방류,2022,08,경북,기타어류
잉어,10000,생산방류,2022,08,경북,기타어류
잉어,10000,생산방류,2022,08,경북,기타어류
잉어,10000,생산방류,2022,08,경북,기타어류
잉어,20000,생산방류,2022,08,경북,기타어류
잉어,20000,생산방류,2022,08,경북,기타어류
잉어,10000,생산방류,2022,08,경북,기타어류
잉어,10000,생산방류,2022,08,경북,기타어류
잉어,10000,생산방류,2022,08,경북,기타어류
잉어,20000,생산방류,2022,08,경북,기타어류
잉어,70000,무상방류,2022,09,경북,기타어류
잉어,16071,매입방류,2022,06,경북,기타어류
잉어,10000,무상방류,2022,08,경북,기타어류
잉어,8929,매입방류,2022,06,경북,기타어류
잉어,480581,매입방류,2022,01,부산,기타어류
잉어,105911,매입방류,2022,01,전남,기타어류
잉어,259412,매입방류,2022,10,전남,기타어류
잉어,258620,매입방류,2022,05,전북,기타어류
자바리,20000,생산방류,2022,10,제주,기타돔류
전복,146342,매입방류,2022,05,강원,기타
전복,57306,매입방류,2022,01,경남,기타
전복,25000,생산방류,2022,03,경남,기타
전복,25000,생산방류,2022,03,경남,기타
전복,30000,생산방류,2022,03,경남,기타
전복,25000,생산방류,2022,03,경남,기타
전복,25000,생산방류,2022,03,경남,기타
전복,25000,생산방류,2022,03,경남,기타
전복,25000,생산방류,2022,03,경남,기타
전복,66134,매입방류,2022,12,경남,기타
전복,43930,매입방류,2022,11,경남,기타
전복,25000,무상방류,2022,03,경남,기타
전복,219127,매입방류,2022,05,경남,기타
전복,215330,매입방류,2022,05,경남,기타
전복,252735,매입방류,2022,05,경남,기타
전복,35113,매입방류,2022,05,경남,기타
전복,100000,무상방류,2022,11,경북,기타
전복,550000,무상방류,2022,03,경북,기타
전복,20000,무상방류,2022,05,경북,기타
전복,100629,매입방류,2022,12,경북,기타
전복,9130,매입방류,2022,01,경북,기타
전복,7653,매입방류,2022,01,경북,기타
전복,7653,매입방류,2022,01,경북,기타
전복,7653,매입방류,2022,01,경북,기타
전복,7653,매입방류,2022,01,경북,기타
전복,7653,매입방류,2022,01,경북,기타
전복,7653,매입방류,2022,01,경북,기타
전복,7653,매입방류,2022,01,경북,기타
전복,7653,매입방류,2022,01,경북,기타
전복,7653,매입방류,2022,01,경북,기타
전복,7653,매입방류,2022,01,경북,기타
전복,7653,매입방류,2022,01,경북,기타
전복,7653,매입방류,2022,01,경북,기타
전복,7653,매입방류,2022,01,경북,기타
전복,7653,매입방류,2022,01,경북,기타
전복,16112,매입방류,2022,01,경북,기타
전복,12778,매입방류,2022,01,경북,기타
전복,16667,매입방류,2022,01,경북,기타
전복,29167,매입방류,2022,01,경북,기타
전복,29176,매입방류,2022,01,경북,기타
전복,29167,매입방류,2022,01,경북,기타
전복,29167,매입방류,2022,01,경북,기타
전복,29167,매입방류,2022,01,경북,기타
전복,29167,매입방류,2022,01,경북,기타
전복,29931,매입방류,2022,01,경북,기타
전복,9130,매입방류,2022,12,경북,기타
전복,16809,매입방류,2022,01,경북,기타
전복,16809,매입방류,2022,12,경북,기타
전복,16809,매입방류,2022,12,경북,기타
전복,16809,매입방류,2022,12,경북,기타
전복,16809,매입방류,2022,01,경북,기타
전복,16809,매입방류,2022,12,경북,기타
전복,16809,매입방류,2022,12,경북,기타
전복,16809,매입방류,2022,12,경북,기타
전복,16809,매입방류,2022,12,경북,기타
전복,16809,매입방류,2022,12,경북,기타
전복,29416,매입방류,2022,12,경북,기타
전복,3922,매입방류,2022,12,경북,기타
전복,88000,무상방류,2022,03,경북,기타
전복,295464,매입방류,2022,05,경북,기타
전복,28535,매입방류,2022,05,경북,기타
전복,65629,매입방류,2022,05,경북,기타
전복,64203,매입방류,2022,05,경북,기타
전복,132648,매입방류,2022,04,경북,기타
전복,90000,무상방류,2022,03,경북,기타
전복,70000,매입방류,2022,12,부산,기타
전복,14706,매입방류,2022,01,부산,기타
전복,68918,매입방류,2022,01,부산,기타
전복,77816,매입방류,2022,01,부산,기타
전복,373608,매입방류,2022,04,부산,기타
전복,117648,매입방류,2022,03,부산,기타
전복,58911,매입방류,2022,04,부산,기타
전복,32863,매입방류,2022,04,부산,기타
전복,133334,매입방류,2022,04,부산,기타
전복,71530,매입방류,2022,04,부산,기타
전복,95239,매입방류,2022,03,부산,기타
전복,9524,매입방류,2022,03,부산,기타
전복,38273,매입방류,2022,05,울산,기타
전복,37135,매입방류,2022,05,울산,기타
전복,37479,매입방류,2022,05,울산,기타
전복,38581,매입방류,2022,05,울산,기타
전복,48135,매입방류,2022,05,울산,기타
전복,48318,매입방류,2022,05,울산,기타
전복,40006,매입방류,2022,05,울산,기타
전복,48135,매입방류,2022,05,울산,기타
전복,48135,매입방류,2022,05,울산,기타
전복,48135,매입방류,2022,05,울산,기타
전복,29026,매입방류,2022,05,울산,기타
전복,20606,매입방류,2022,05,울산,기타
전복,49781,매입방류,2022,05,울산,기타
전복,41601,매입방류,2022,05,울산,기타
전복,41177,매입방류,2022,05,울산,기타
전복,50050,매입방류,2022,05,울산,기타
전복,31003,매입방류,2022,05,울산,기타
전복,40179,매입방류,2022,05,울산,기타
전복,506968,매입방류,2022,04,인천,기타
전복,511349,매입방류,2022,04,인천,기타
전복,107693,매입방류,2022,04,전남,기타
전복,119000,매입방류,2022,05,전남,기타
전복,33000,매입방류,2022,05,전남,기타
전복,33000,매입방류,2022,05,전남,기타
전복,35260,매입방류,2022,05,전남,기타
전복,33000,매입방류,2022,05,전남,기타
전복,207326,매입방류,2022,04,전남,기타
전복,30000,매입방류,2022,12,제주,기타
전복,31800,매입방류,2022,12,제주,기타
점농어,136296,매입방류,2022,01,경기,농어류
점농어,206186,매입방류,2022,01,경기,농어류
점농어,352179,매입방류,2022,05,인천,농어류
점농어,248466,매입방류,2022,04,인천,농어류
점농어,75477,매입방류,2022,01,전남,농어류
점농어,135000,매입방류,2022,05,전남,농어류
점농어,93333,매입방류,2022,06,전남,농어류
점농어,50000,매입방류,2022,06,전남,농어류
점농어,74324,매입방류,2022,04,전남,농어류
점농어,179592,매입방류,2022,04,충남,농어류
조피볼락,304886,매입방류,2022,01,경기,조피볼락(우럭)
조피볼락,562361,매입방류,2022,01,경기,조피볼락(우럭)
조피볼락,1279786,매입방류,2022,07,경기,조피볼락(우럭)
조피볼락,77048,매입방류,2022,09,경기,조피볼락(우럭)
조피볼락,1056000,매입방류,2022,01,경기,조피볼락(우럭)
조피볼락,150253,매입방류,2022,07,울산,조피볼락(우럭)
조피볼락,148861,매입방류,2022,07,울산,조피볼락(우럭)
조피볼락,148386,매입방류,2022,07,울산,조피볼락(우럭)
조피볼락,474185,매입방류,2022,08,인천,조피볼락(우럭)
조피볼락,1411032,매입방류,2022,07,인천,조피볼락(우럭)
조피볼락,485096,매입방류,2022,07,인천,조피볼락(우럭)
조피볼락,551410,매입방류,2022,07,인천,조피볼락(우럭)
조피볼락,1155285,매입방류,2022,07,인천,조피볼락(우럭)
조피볼락,155943,매입방류,2022,06,전남,조피볼락(우럭)
조피볼락,800000,매입방류,2022,08,전북,조피볼락(우럭)
조피볼락,481418,매입방류,2022,07,전북,조피볼락(우럭)
조피볼락,966000,매입방류,2022,06,전북,조피볼락(우럭)
조피볼락,379057,매입방류,2022,07,충남,조피볼락(우럭)
조피볼락,153257,매입방류,2022,07,충남,조피볼락(우럭)
조피볼락,1063505,매입방류,2022,08,충남,조피볼락(우럭)
조피볼락,1249000,매입방류,2022,08,충남,조피볼락(우럭)
조피볼락,191571,매입방류,2022,08,충남,조피볼락(우럭)
조피볼락,193051,매입방류,2022,07,충남,조피볼락(우럭)
조피볼락,206493,매입방류,2022,07,충남,조피볼락(우럭)
주꾸미,100000,무상방류,2022,06,경기,주꾸미
주꾸미,104000,생산방류,2022,06,인천,주꾸미
주꾸미,214000,생산방류,2022,06,인천,주꾸미
주꾸미,204000,생산방류,2022,06,인천,주꾸미
주꾸미,40000,생산방류,2022,06,전남,주꾸미
주꾸미,30000,생산방류,2022,07,전남,주꾸미
주꾸미,30000,생산방류,2022,06,전남,주꾸미
주꾸미,40000,생산방류,2022,06,전남,주꾸미
주꾸미,30000,생산방류,2022,07,전남,주꾸미
주꾸미,40000,생산방류,2022,06,전남,주꾸미
주꾸미,30000,생산방류,2022,07,전남,주꾸미
주꾸미,30000,생산방류,2022,06,전남,주꾸미
주꾸미,40000,생산방류,2022,06,전남,주꾸미
주꾸미,40000,생산방류,2022,06,전남,주꾸미
주꾸미,30000,무상방류,2022,06,전북,주꾸미
주꾸미,100000,무상방류,2022,06,전북,주꾸미
주꾸미,150000,무상방류,2022,06,전북,주꾸미
주꾸미,100000,무상방류,2022,06,전북,주꾸미
주꾸미,100000,생산방류,2022,06,충남,주꾸미
주꾸미,120000,생산방류,2022,07,충남,주꾸미
주꾸미,100000,생산방류,2022,07,충남,주꾸미
주꾸미,180000,생산방류,2022,06,충남,주꾸미
주꾸미,170000,생산방류,2022,06,충남,주꾸미
주꾸미,160000,생산방류,2022,06,충남,주꾸미
쥐노래미,17890,매입방류,2022,06,강원,노래미류
쥐노래미,20000,생산방류,2022,07,강원,노래미류
쥐노래미,48739,매입방류,2022,06,강원,노래미류
쥐노래미,300000,무상방류,2022,05,경북,노래미류
쥐노래미,47000,무상방류,2022,05,경북,노래미류
쥐노래미,85000,무상방류,2022,05,경북,노래미류
쥐치,27706,매입방류,2022,06,부산,쥐치류
참게,159040,매입방류,2022,06,경기,민꽃게
참게,45454,매입방류,2022,06,경기,민꽃게
참게,137005,매입방류,2022,06,경기,민꽃게
참게,205479,매입방류,2022,06,경기,민꽃게
참게,87000,매입방류,2022,01,경기,민꽃게
참게,293322,매입방류,2022,06,경기,민꽃게
참게,50000,생산방류,2022,05,전북,민꽃게
참게,50000,생산방류,2022,05,전북,민꽃게
참게,55000,생산방류,2022,05,전북,민꽃게
참게,55000,생산방류,2022,05,전북,민꽃게
참게,163266,매입방류,2022,06,충남,민꽃게
참게,20000,매입방류,2022,07,충남,민꽃게
참게,40816,매입방류,2022,06,충남,민꽃게
참게,72000,매입방류,2022,07,충남,민꽃게
참돔,10000,생산방류,2022,10,경남,참돔
참돔,20000,생산방류,2022,07,경남,참돔
참돔,50000,생산방류,2022,09,경남,참돔
참돔,55889,매입방류,2022,07,경남,참돔
참돔,85365,매입방류,2022,08,전남,참돔
참돔,150450,매입방류,2022,05,전남,참돔
참돔,400388,매입방류,2022,08,충남,참돔
참돔,153812,매입방류,2022,07,충남,참돔
참조기,160000,생산방류,2022,08,인천,참조기
참조기,80000,생산방류,2022,05,전남,참조기
참조기,20000,생산방류,2022,07,제주,참조기
참조기,50000,생산방류,2022,07,제주,참조기
톱날꽃게,700,생산방류,2022,07,부산,기타갑각류
해삼,142936,매입방류,2022,12,강원,해삼
해삼,80000,생산방류,2022,12,강원,해삼
해삼,70000,생산방류,2022,12,강원,해삼
해삼,192193,매입방류,2022,01,강원,해삼
해삼,104890,매입방류,2022,12,강원,해삼
해삼,104890,매입방류,2022,12,강원,해삼
해삼,21011,매입방류,2022,06,강원,해삼
해삼,153188,매입방류,2022,01,강원,해삼
해삼,80705,매입방류,2022,12,강원,해삼
해삼,113047,매입방류,2022,06,강원,해삼
해삼,103167,매입방류,2022,06,강원,해삼
해삼,55469,매입방류,2022,06,강원,해삼
해삼,112110,매입방류,2022,06,강원,해삼
해삼,40091,매입방류,2022,06,강원,해삼
해삼,97167,매입방류,2022,06,강원,해삼
해삼,105600,매입방류,2022,06,강원,해삼
해삼,24219,매입방류,2022,06,강원,해삼
해삼,112417,매입방류,2022,06,강원,해삼
해삼,16873,매입방류,2022,06,강원,해삼
해삼,74766,매입방류,2022,06,강원,해삼
해삼,74766,매입방류,2022,06,강원,해삼
해삼,60000,무상방류,2022,03,강원,해삼
해삼,125670,매입방류,2022,06,강원,해삼
해삼,91912,매입방류,2022,06,강원,해삼
해삼,102365,매입방류,2022,11,경남,해삼
해삼,1169375,매입방류,2022,01,경남,해삼
해삼,60000,무상방류,2022,12,경남,해삼
해삼,30000,생산방류,2022,12,경남,해삼
해삼,30000,생산방류,2022,12,경남,해삼
해삼,30000,생산방류,2022,12,경남,해삼
해삼,30000,생산방류,2022,12,경남,해삼
해삼,30000,생산방류,2022,12,경남,해삼
해삼,30000,생산방류,2022,12,경남,해삼
해삼,30000,생산방류,2022,12,경남,해삼
해삼,30000,생산방류,2022,12,경남,해삼
해삼,30000,생산방류,2022,12,경남,해삼
해삼,20000,생산방류,2022,12,경남,해삼
해삼,20000,생산방류,2022,12,경남,해삼
해삼,20000,생산방류,2022,12,경남,해삼
해삼,30000,생산방류,2022,12,경남,해삼
해삼,30000,생산방류,2022,12,경남,해삼
해삼,30000,생산방류,2022,12,경남,해삼
해삼,30000,생산방류,2022,12,경남,해삼
해삼,30000,생산방류,2022,09,경남,해삼
해삼,30000,생산방류,2022,09,경남,해삼
해삼,30000,생산방류,2022,09,경남,해삼
해삼,30000,생산방류,2022,09,경남,해삼
해삼,30000,생산방류,2022,09,경남,해삼
해삼,30000,생산방류,2022,09,경남,해삼
해삼,254610,매입방류,2022,12,경남,해삼
해삼,61162,매입방류,2022,01,경남,해삼
해삼,398886,매입방류,2022,11,경남,해삼
해삼,593752,매입방류,2022,04,경남,해삼
해삼,30000,무상방류,2022,09,경남,해삼
해삼,30000,무상방류,2022,09,경남,해삼
해삼,373263,매입방류,2022,04,경남,해삼
해삼,341131,매입방류,2022,04,경남,해삼
해삼,700000,무상방류,2022,11,경북,해삼
해삼,132000,무상방류,2022,11,경북,해삼
해삼,135000,무상방류,2022,01,경북,해삼
해삼,23116,매입방류,2022,01,경북,해삼
해삼,16181,매입방류,2022,01,경북,해삼
해삼,40453,매입방류,2022,01,경북,해삼
해삼,23116,매입방류,2022,01,경북,해삼
해삼,23116,매입방류,2022,01,경북,해삼
해삼,23116,매입방류,2022,01,경북,해삼
해삼,23116,매입방류,2022,01,경북,해삼
해삼,23116,매입방류,2022,01,경북,해삼
해삼,24684,매입방류,2022,01,경북,해삼
해삼,23511,매입방류,2022,01,경북,해삼
해삼,11168,매입방류,2022,01,경북,해삼
해삼,23511,매입방류,2022,01,경북,해삼
해삼,11168,매입방류,2022,01,경북,해삼
해삼,23511,매입방류,2022,01,경북,해삼
해삼,23511,매입방류,2022,01,경북,해삼
해삼,11168,매입방류,2022,01,경북,해삼
해삼,11168,매입방류,2022,01,경북,해삼
해삼,23511,매입방류,2022,01,경북,해삼
해삼,11168,매입방류,2022,01,경북,해삼
해삼,11168,매입방류,2022,01,경북,해삼
해삼,11168,매입방류,2022,01,경북,해삼
해삼,24684,매입방류,2022,01,경북,해삼
해삼,23511,매입방류,2022,01,경북,해삼
해삼,11168,매입방류,2022,01,경북,해삼
해삼,23511,매입방류,2022,01,경북,해삼
해삼,11168,매입방류,2022,01,경북,해삼
해삼,23511,매입방류,2022,01,경북,해삼
해삼,23511,매입방류,2022,01,경북,해삼
해삼,11168,매입방류,2022,01,경북,해삼
해삼,11168,매입방류,2022,01,경북,해삼
해삼,23511,매입방류,2022,01,경북,해삼
해삼,11168,매입방류,2022,01,경북,해삼
해삼,11168,매입방류,2022,01,경북,해삼
해삼,11168,매입방류,2022,01,경북,해삼
해삼,376182,매입방류,2022,06,경북,해삼
해삼,262075,매입방류,2022,05,경북,해삼
해삼,260994,매입방류,2022,04,경북,해삼
해삼,41238,매입방류,2022,01,부산,해삼
해삼,59607,생산방류,2022,11,부산,해삼
해삼,16313,매입방류,2022,01,울산,해삼
해삼,32626,매입방류,2022,01,울산,해삼
해삼,14063,매입방류,2022,01,울산,해삼
해삼,31010,매입방류,2022,06,울산,해삼
해삼,52445,매입방류,2022,06,울산,해삼
해삼,36551,매입방류,2022,05,울산,해삼
해삼,70681,매입방류,2022,05,울산,해삼
해삼,36034,매입방류,2022,05,울산,해삼
해삼,18793,매입방류,2022,05,울산,해삼
해삼,318749,매입방류,2022,12,인천,해삼
해삼,320311,매입방류,2022,12,인천,해삼
해삼,303967,매입방류,2022,12,인천,해삼
해삼,345763,매입방류,2022,01,인천,해삼
해삼,401014,매입방류,2022,05,인천,해삼
해삼,15000,매입방류,2022,10,전남,해삼
해삼,60000,매입방류,2022,06,전남,해삼
해삼,60000,매입방류,2022,06,전남,해삼
해삼,60000,매입방류,2022,06,전남,해삼
해삼,187875,매입방류,2022,06,전남,해삼
해삼,40000,매입방류,2022,05,전남,해삼
해삼,38300,매입방류,2022,05,전남,해삼
해삼,35000,매입방류,2022,05,전남,해삼
해삼,35000,매입방류,2022,05,전남,해삼
해삼,35000,매입방류,2022,05,전남,해삼
해삼,626817,매입방류,2022,04,전남,해삼
해삼,196910,매입방류,2022,04,전남,해삼
해삼,476191,매입방류,2022,05,전북,해삼
해삼,40000,무상방류,2022,11,전북,해삼
해삼,100000,무상방류,2022,11,전북,해삼
해삼,100000,무상방류,2022,11,전북,해삼
해삼,100000,무상방류,2022,11,전북,해삼
해삼,100000,무상방류,2022,11,전북,해삼
해삼,634060,매입방류,2022,05,전북,해삼
해삼,61310,매입방류,2022,07,충남,해삼
홍해삼,240000,무상방류,2022,01,경북,해삼
홍해삼,66640,매입방류,2022,01,경북,해삼
홍해삼,45800,매입방류,2022,01,경북,해삼
홍해삼,45800,매입방류,2022,01,경북,해삼
홍해삼,66640,매입방류,2022,01,경북,해삼
홍해삼,195250,매입방류,2022,12,전남,해삼
홍해삼,30000,매입방류,2022,12,제주,해삼
홍해삼,20000,매입방류,2022,12,제주,해삼
홍해삼,10000,매입방류,2022,12,제주,해삼
홍해삼,21000,매입방류,2022,01,제주,해삼
홍해삼,21170,매입방류,2022,01,제주,해삼
홍해삼,20000,생산방류,2022,01,제주,해삼
홍해삼,100000,시험방류,2022,01,제주,해삼
홍해삼,100000,시험방류,2022,01,제주,해삼
홍해삼,20000,생산방류,2022,01,제주,해삼
홍해삼,100000,시험방류,2022,01,제주,해삼
홍해삼,100000,시험방류,2022,01,제주,해삼
홍해삼,20000,생산방류,2022,01,제주,해삼
홍해삼,20000,생산방류,2022,01,제주,해삼
홍해삼,20000,생산방류,2022,01,제주,해삼
황복,170212,매입방류,2022,07,경기,복어류
황복,169491,매입방류,2022,08,경기,복어류
황복,374060,매입방류,2022,08,경기,복어류
황복,58000,생산방류,2022,07,부산,복어류
황어,30000,생산방류,2022,07,울산,복어류
황어,500000,생산방류,2022,01,전남,복어류
흑해삼,80000,무상방류,2022,01,경북,해삼
미유기,30000,무상방류,2023,05,강원,기타
해삼,50912,매입방류,2023,06,강원,해삼
해삼,96775,매입방류,2023,01,강원,해삼
붕어,295000,매입방류,2023,05,경북,기타어류
잉어,38000,매입방류,2023,08,경북,기타어류
메기,20000,매입방류,2023,08,경북,기타
붕어,38000,매입방류,2023,08,경북,기타어류
쏘가리,30004,매입방류,2023,01,경남,기타어류
뱀장어,5416,매입방류,2023,01,경남,갯장어
동자개,252100,매입방류,2023,01,전북,기타
뱀장어,32142,매입방류,2023,05,전북,갯장어
잉어,338983,매입방류,2023,05,전북,기타어류
붕어,344827,매입방류,2023,05,전북,기타어류
메기,312500,매입방류,2023,05,전북,기타
전복,77000,매입방류,2023,12,부산,기타
황어,500000,생산방류,2023,01,전남,복어류
연어,500000,생산방류,2023,01,전남,송어류
잉어,69166,매입방류,2023,09,전남,기타어류
은어,72174,매입방류,2023,03,전남,기타어류
메기,138333,매입방류,2023,05,전남,기타
붕어,69166,매입방류,2023,09,전남,기타어류
전복,860000,매입방류,2023,01,제주,기타
홍해삼,945000,매입방류,2023,01,제주,해삼
꽃게,2066000,매입방류,2023,01,전북,꽃게
붕어,115000,매입방류,2023,06,경남,기타어류
문치가자미,71000,매입방류,2023,09,경남,가자미류
뱀장어,9812,매입방류,2023,01,충남,갯장어
메기,342308,매입방류,2023,01,충남,기타
붕어,462963,매입방류,2023,01,충남,기타어류
대농갱이,133333,매입방류,2023,01,경기,기타
쏘가리,22000,매입방류,2023,01,경기,기타어류
동자개,88000,매입방류,2023,01,경기,기타
붕어,90393,매입방류,2023,11,전북,기타어류
홍해삼,100000,생산방류,2023,01,제주,해삼
홍해삼,100000,생산방류,2023,01,제주,해삼
홍해삼,100000,생산방류,2023,01,제주,해삼
홍해삼,100000,생산방류,2023,01,제주,해삼
대문어,20000,무상방류,2023,12,강원,문어류
해삼,50000,무상방류,2023,12,강원,해삼
해삼,50000,무상방류,2023,12,강원,해삼
해삼,100000,무상방류,2023,11,강원,해삼
해삼,50000,무상방류,2023,05,강원,해삼
해삼,150000,무상방류,2023,04,강원,해삼
강도다리,61871,매입방류,2023,01,강원,가자미류
해삼,106428,매입방류,2023,01,강원,해삼
쥐노래미,17246,매입방류,2023,06,강원,노래미류
뚝지,380250,매입방류,2023,04,강원,기타
동자개,249563,매입방류,2023,09,경기,기타
뱀장어,20263,매입방류,2023,01,경기,갯장어
넙치,1173510,매입방류,2023,07,경기,넙치류(광어)
꽃게,833748,매입방류,2023,07,경기,꽃게
조피볼락,1612708,매입방류,2023,07,경기,조피볼락(우럭)
점농어,231847,매입방류,2023,01,경기,농어류
동자개,230870,매입방류,2023,09,충남,기타
뱀장어,19826,매입방류,2023,07,충남,갯장어
동자개,184486,매입방류,2023,09,충남,기타
대농갱이,10000,생산방류,2023,01,전북,기타
대농갱이,10000,생산방류,2023,01,전북,기타
대농갱이,10000,생산방류,2023,01,전북,기타
미꾸라지,250000,생산방류,2023,01,전북,기타
미꾸라지,100000,생산방류,2023,01,전북,기타
미꾸라지,150000,생산방류,2023,01,전북,기타
미꾸라지,250000,생산방류,2023,01,전북,기타
쏘가리,10000,생산방류,2023,01,전북,기타어류
쏘가리,10000,생산방류,2023,01,전북,기타어류
쏘가리,10000,생산방류,2023,01,전북,기타어류
쏘가리,10000,생산방류,2023,01,전북,기타어류
붕어,70000,생산방류,2023,01,전북,기타어류
붕어,40000,생산방류,2023,01,전북,기타어류
붕어,30000,생산방류,2023,01,전북,기타어류
붕어,40000,생산방류,2023,01,전북,기타어류
붕어,40000,생산방류,2023,01,전북,기타어류
붕어,40000,생산방류,2023,01,전북,기타어류
붕어,40000,생산방류,2023,01,전북,기타어류
참게,60000,생산방류,2023,01,전북,민꽃게
참게,40000,생산방류,2023,01,전북,민꽃게
참게,50000,생산방류,2023,01,전북,민꽃게
참게,50000,생산방류,2023,01,전북,민꽃게
돌돔,72400,매입방류,2023,01,제주,돌돔(줄돔)
돌돔,325819,매입방류,2023,01,제주,돌돔(줄돔)
쏨뱅이,168049,매입방류,2023,01,제주,기타볼락류
홍해삼,73442,매입방류,2023,01,경북,해삼
홍해삼,73442,매입방류,2023,12,경북,해삼
홍해삼,65507,매입방류,2023,12,경북,해삼
홍해삼,65507,매입방류,2023,12,경북,해삼
쏘가리,50000,매입방류,2023,01,전북,기타어류
붕어,127090,매입방류,2023,06,경남,기타어류
동남참게,391000,매입방류,2023,06,경남,기타
점농어,99574,매입방류,2023,06,전남,농어류
감성돔,217540,매입방류,2023,06,전남,감성돔
동자개,120000,매입방류,2023,09,전북,기타
메기,369116,매입방류,2023,06,전북,기타
붕어,384616,매입방류,2023,06,전북,기타어류
참게,142160,매입방류,2023,07,전북,민꽃게
미꾸라지,363637,매입방류,2023,08,전북,기타
감성돔,115385,매입방류,2023,07,전북,감성돔
조피볼락,174419,매입방류,2023,08,전북,조피볼락(우럭)
해삼,195653,매입방류,2023,06,전북,해삼
꽃게,2066000,매입방류,2023,01,전북,꽃게
황복,277511,매입방류,2023,01,경기,복어류
대농갱이,166667,매입방류,2023,09,경기,기타
동자개,157516,매입방류,2023,09,경기,기타
참게,19257,매입방류,2023,07,경기,민꽃게
조피볼락,240292,매입방류,2023,01,전남,조피볼락(우럭)
감성돔,98312,매입방류,2023,01,경남,감성돔
말쥐치,59232,매입방류,2023,06,경남,쥐치류
돌돔,149790,매입방류,2023,07,경남,돌돔(줄돔)
볼락,378258,매입방류,2023,01,경남,기타볼락류
해삼,60000,생산방류,2023,11,부산,해삼
잉어,189250,매입방류,2023,10,전남,기타어류
동자개,189718,매입방류,2023,09,전남,기타
붕어,210285,매입방류,2023,09,전남,기타어류
쏘가리,32711,매입방류,2023,07,전남,기타어류
동남참게,266034,매입방류,2023,06,전남,기타
메기,323102,매입방류,2023,06,전남,기타
뱀장어,66294,매입방류,2023,04,전남,갯장어
은어,207469,매입방류,2023,03,전남,기타어류
해삼,41667,매입방류,2023,01,부산,해삼
전복,84392,매입방류,2023,01,부산,기타
전복,13387,매입방류,2023,01,부산,기타
해삼,58317,매입방류,2023,12,강원,해삼
해삼,36337,매입방류,2023,12,강원,해삼
해삼,80000,무상방류,2023,01,강원,해삼
전복,152006,매입방류,2023,11,강원,기타
붕어,95834,매입방류,2023,01,강원,기타어류
동남참게,87000,매입방류,2023,01,부산,기타
대농갱이,63864,매입방류,2023,10,경기,기타
대농갱이,66667,매입방류,2023,05,경기,기타
뱀장어,10000,매입방류,2023,06,경기,갯장어
동자개,80000,매입방류,2023,06,경기,기타
쏘가리,21979,매입방류,2023,08,경기,기타어류
전복,11616,매입방류,2023,01,경북,기타
전복,30493,매입방류,2023,01,경북,기타
전복,17424,매입방류,2023,01,경북,기타
전복,17424,매입방류,2023,01,경북,기타
전복,17424,매입방류,2023,01,경북,기타
전복,17424,매입방류,2023,01,경북,기타
전복,17424,매입방류,2023,01,경북,기타
전복,17424,매입방류,2023,01,경북,기타
전복,17424,매입방류,2023,01,경북,기타
전복,17424,매입방류,2023,01,경북,기타
전복,17424,매입방류,2023,01,경북,기타
전복,17424,매입방류,2023,01,경북,기타
전복,28019,매입방류,2023,01,경북,기타
전복,28019,매입방류,2023,01,경북,기타
전복,28019,매입방류,2023,01,경북,기타
전복,28019,매입방류,2023,01,경북,기타
전복,28019,매입방류,2023,01,경북,기타
전복,28019,매입방류,2023,01,경북,기타
전복,28019,매입방류,2023,01,경북,기타
전복,28019,매입방류,2023,01,경북,기타
전복,19381,매입방류,2023,01,경북,기타
전복,17699,매입방류,2023,01,경북,기타
전복,17699,매입방류,2023,01,경북,기타
전복,17699,매입방류,2023,01,경북,기타
전복,17699,매입방류,2023,01,경북,기타
전복,17699,매입방류,2023,01,경북,기타
전복,17699,매입방류,2023,01,경북,기타
전복,17699,매입방류,2023,01,경북,기타
전복,17699,매입방류,2023,01,경북,기타
전복,8348,매입방류,2023,01,경북,기타
전복,8348,매입방류,2023,01,경북,기타
전복,8348,매입방류,2023,01,경북,기타
전복,8348,매입방류,2023,01,경북,기타
전복,8348,매입방류,2023,01,경북,기타
전복,8348,매입방류,2023,01,경북,기타
전복,8348,매입방류,2023,01,경북,기타
전복,8348,매입방류,2023,01,경북,기타
전복,8348,매입방류,2023,01,경북,기타
전복,8348,매입방류,2023,01,경북,기타
전복,150875,매입방류,2023,01,전남,기타
꽃게,15927,매입방류,2023,01,전남,꽃게
꽃게,181818,매입방류,2023,01,전남,꽃게
전복,174719,매입방류,2023,01,전남,기타
붕어,100000,매입방류,2023,09,경남,기타어류
잉어,100000,매입방류,2023,08,경남,기타어류
해삼,10402,매입방류,2023,01,경북,해삼
해삼,23339,매입방류,2023,01,경북,해삼
해삼,23339,매입방류,2023,01,경북,해삼
해삼,11008,매입방류,2023,01,경북,해삼
해삼,11008,매입방류,2023,01,경북,해삼
해삼,11008,매입방류,2023,01,경북,해삼
해삼,11008,매입방류,2023,01,경북,해삼
해삼,11008,매입방류,2023,01,경북,해삼
해삼,11008,매입방류,2023,01,경북,해삼
해삼,11008,매입방류,2023,01,경북,해삼
해삼,11008,매입방류,2023,01,경북,해삼
해삼,11008,매입방류,2023,01,경북,해삼
해삼,11008,매입방류,2023,01,경북,해삼
해삼,14392,매입방류,2023,01,경북,해삼
해삼,8454,매입방류,2023,01,경북,해삼
해삼,22053,매입방류,2023,01,경북,해삼
해삼,22053,매입방류,2023,01,경북,해삼
해삼,23339,매입방류,2023,01,경북,해삼
해삼,23339,매입방류,2023,01,경북,해삼
전복,175316,생산방류,2023,01,경남,기타
전복,284496,생산방류,2023,01,경남,기타
붕어,47500,매입방류,2023,01,경남,기타어류
전복,23000,매입방류,2023,01,제주,기타
홍해삼,20931,매입방류,2023,01,제주,해삼
해삼,44444,무상방류,2023,05,경남,해삼
볼락,24692,생산방류,2023,05,경남,기타볼락류
전복,25000,생산방류,2023,12,경남,기타
조피볼락,38000,생산방류,2023,08,경남,조피볼락(우럭)
해삼,60000,생산방류,2023,12,경남,해삼
전복,69000,생산방류,2023,12,경남,기타
꼼치,332260000,생산방류,2023,02,경남,꼼치류
해삼,812552,매입방류,2023,05,경남,해삼
해삼,600000,무상방류,2023,11,경북,해삼
쥐노래미,300000,무상방류,2023,05,경북,노래미류
전복,600000,무상방류,2023,03,경북,기타
물렁가시붉은새우,300000,무상방류,2023,05,경북,기타갑각류
문치가자미,535000,무상방류,2023,07,경북,가자미류
개볼락,70000,무상방류,2023,09,경북,기타볼락류
보리새우,5060851,매입방류,2023,08,경남,기타갑각류
문치가자미,64348,매입방류,2023,01,경남,가자미류
볼락,114943,매입방류,2023,01,경남,기타볼락류
꽃게,187508,매입방류,2023,01,경남,꽃게
감성돔,193209,매입방류,2023,01,경남,감성돔
대농갱이,20540,매입방류,2023,10,강원,기타
대농갱이,39556,매입방류,2023,09,강원,기타
쏘가리,17080,매입방류,2023,09,강원,기타어류
메기,115650,매입방류,2023,09,강원,기타
미유기,4877,매입방류,2023,08,강원,기타
미유기,25126,매입방류,2023,07,강원,기타
쏘가리,52356,매입방류,2023,06,강원,기타어류
뱀장어,31712,매입방류,2023,07,강원,갯장어
전복,61539,매입방류,2023,01,전남,기타
대농갱이,120880,매입방류,2023,01,경기,기타
뱀장어,5084,매입방류,2023,01,경기,갯장어
참게,62181,매입방류,2023,01,경기,민꽃게
쏘가리,23529,매입방류,2023,01,경기,기타어류
메기,367647,매입방류,2023,01,충남,기타
뱀장어,9111,매입방류,2023,01,충남,갯장어
붕어,549450,매입방류,2023,01,충남,기타어류
동자개,40000,매입방류,2023,01,충남,기타
대하,20000000,무상방류,2023,01,충남,기타갑각류
주꾸미,840000,무상방류,2023,01,충남,주꾸미
꽃게,600000,무상방류,2023,01,충남,꽃게
돌돔,117907,매입방류,2023,06,경남,돌돔(줄돔)
감성돔,299150,매입방류,2023,06,전남,감성돔
점농어,48094,매입방류,2023,01,전남,농어류
점농어,48094,매입방류,2023,01,전남,농어류
점농어,48094,매입방류,2023,01,전남,농어류
감성돔,89600,매입방류,2023,01,전남,감성돔
감성돔,89600,매입방류,2023,01,전남,감성돔
감성돔,89600,매입방류,2023,01,전남,감성돔
해삼,602604,매입방류,2023,05,전남,해삼
해삼,245103,매입방류,2023,05,전남,해삼
꽃게,445766,매입방류,2023,06,충남,꽃게
대하,25457103,매입방류,2023,06,충남,기타갑각류
전복,171000,매입방류,2023,01,전남,기타
전복,64157,매입방류,2023,11,부산,기타
붕어,3000,매입방류,2023,01,경북,기타어류
잉어,5000,매입방류,2023,08,경북,기타어류
붕어,5000,매입방류,2023,08,경북,기타어류
쏘가리,300,매입방류,2023,08,경북,기타어류
붕어,1000,매입방류,2023,08,경북,기타어류
잉어,1000,매입방류,2023,08,경북,기타어류
쏘가리,1200,매입방류,2023,08,경북,기타어류
붕어,3000,매입방류,2023,08,경북,기타어류
쏘가리,1200,매입방류,2023,08,경북,기타어류
붕어,3000,매입방류,2023,08,경북,기타어류
쏘가리,1500,매입방류,2023,08,경북,기타어류
붕어,6000,매입방류,2023,08,경북,기타어류
잉어,6000,매입방류,2023,08,경북,기타어류
쏘가리,1000,매입방류,2023,08,경북,기타어류
붕어,1900,매입방류,2023,08,경북,기타어류
잉어,2000,매입방류,2023,08,경북,기타어류
붕어,1000,매입방류,2023,08,경북,기타어류
잉어,1000,매입방류,2023,08,경북,기타어류
쏘가리,300,매입방류,2023,08,경북,기타어류
붕어,1000,매입방류,2023,08,경북,기타어류
잉어,1000,매입방류,2023,08,경북,기타어류
쏘가리,300,매입방류,2023,01,경북,기타어류
붕어,1000,매입방류,2023,01,경북,기타어류
쏘가리,1500,매입방류,2023,08,경북,기타어류
쏘가리,1200,매입방류,2023,01,경북,기타어류
붕어,3000,매입방류,2023,01,경북,기타어류
붕어,10000,매입방류,2023,01,경북,기타어류
쏘가리,1200,매입방류,2023,01,경북,기타어류
전복,87283,매입방류,2023,01,울산,기타
동자개,5000,매입방류,2023,09,경북,기타
동자개,5000,매입방류,2023,09,경북,기타
동자개,5000,매입방류,2023,09,경북,기타
연어,260000,생산방류,2023,02,울산,송어류
황어,50000,생산방류,2023,07,울산,복어류
동자개,5000,매입방류,2023,09,경북,기타
동자개,5000,매입방류,2023,09,경북,기타
전복,118450,매입방류,2023,01,경북,기타
해삼,247865,매입방류,2023,01,경북,해삼
붕어,94834,매입방류,2023,01,강원,기타어류
명태,50000,생산방류,2023,12,강원,대구
해삼,80000,생산방류,2023,12,강원,해삼
해삼,70000,생산방류,2023,11,강원,해삼
해삼,70000,생산방류,2023,11,강원,해삼
해삼,65725,매입방류,2023,12,강원,해삼
문치가자미,26446,매입방류,2023,08,강원,가자미류
감성돔,59084,매입방류,2023,08,강원,감성돔
강도다리,79454,매입방류,2023,07,강원,가자미류
해삼,99761,매입방류,2023,12,강원,해삼
쥐노래미,54619,매입방류,2023,06,강원,노래미류
해삼,99761,매입방류,2023,12,강원,해삼
미꾸라지,41000,매입방류,2023,09,경북,기타
미꾸리,40000,생산방류,2023,10,경북,기타
미꾸리,50000,생산방류,2023,10,경북,기타
미꾸리,30000,생산방류,2023,10,경북,기타
미꾸리,30000,생산방류,2023,10,경북,기타
동자개,35000,생산방류,2023,10,경북,기타
동자개,30000,생산방류,2023,10,경북,기타
동자개,25000,생산방류,2023,10,경북,기타
동자개,25000,생산방류,2023,10,경북,기타
동자개,35000,생산방류,2023,10,경북,기타
동자개,35000,생산방류,2023,10,경북,기타
동자개,35000,생산방류,2023,10,경북,기타
동자개,35000,생산방류,2023,10,경북,기타
동자개,35000,생산방류,2023,10,경북,기타
동자개,35000,생산방류,2023,10,경북,기타
동자개,35000,생산방류,2023,10,경북,기타
동자개,35000,생산방류,2023,10,경북,기타
동자개,35000,생산방류,2023,10,경북,기타
동자개,35000,생산방류,2023,10,경북,기타
동자개,35000,생산방류,2023,10,경북,기타
붕어,20000,생산방류,2023,10,경북,기타어류
붕어,20000,생산방류,2023,10,경북,기타어류
붕어,20000,생산방류,2023,10,경북,기타어류
붕어,25000,생산방류,2023,10,경북,기타어류
붕어,20000,생산방류,2023,10,경북,기타어류
붕어,20000,생산방류,2023,10,경북,기타어류
붕어,20000,생산방류,2023,10,경북,기타어류
붕어,20000,생산방류,2023,10,경북,기타어류
붕어,20000,생산방류,2023,10,경북,기타어류
붕어,15000,생산방류,2023,10,경북,기타어류
붕어,20000,생산방류,2023,10,경북,기타어류
붕어,20000,생산방류,2023,10,경북,기타어류
붕어,20000,생산방류,2023,10,경북,기타어류
붕어,20000,생산방류,2023,10,경북,기타어류
붕어,20000,생산방류,2023,10,경북,기타어류
잉어,10000,생산방류,2023,10,경북,기타어류
잉어,10000,생산방류,2023,10,경북,기타어류
잉어,10000,생산방류,2023,10,경북,기타어류
잉어,5000,생산방류,2023,10,경북,기타어류
잉어,5000,생산방류,2023,10,경북,기타어류
잉어,5000,생산방류,2023,10,경북,기타어류
잉어,5000,생산방류,2023,10,경북,기타어류
잉어,5000,생산방류,2023,10,경북,기타어류
잉어,5000,생산방류,2023,10,경북,기타어류
잉어,5000,생산방류,2023,10,경북,기타어류
잉어,5000,생산방류,2023,10,경북,기타어류
잉어,10000,생산방류,2023,10,경북,기타어류
잉어,10000,생산방류,2023,10,경북,기타어류
잉어,5000,생산방류,2023,10,경북,기타어류
잉어,5000,생산방류,2023,10,경북,기타어류
잉어,11000,매입방류,2023,08,경북,기타어류
잉어,11000,매입방류,2023,08,경북,기타어류
붕어,62000,매입방류,2023,08,경북,기타어류
메기,35000,매입방류,2023,08,경북,기타
쏘가리,20000,매입방류,2023,08,경북,기타어류
쏘가리,10000,매입방류,2023,08,경북,기타어류
메기,40000,매입방류,2023,08,경북,기타
붕어,14000,매입방류,2023,08,경북,기타어류
동자개,971690,매입방류,2023,09,경기,기타
조피볼락,714000,매입방류,2023,08,경기,조피볼락(우럭)
쏘가리,30612,매입방류,2023,06,경남,기타어류
붕어,143989,매입방류,2023,07,경남,기타어류
잉어,89993,매입방류,2023,07,경남,기타어류
동남참게,134832,매입방류,2023,06,경남,기타
해삼,96526,매입방류,2023,12,경남,해삼
감성돔,129534,매입방류,2023,09,경남,감성돔
보리새우,644434,매입방류,2023,10,경남,기타갑각류
볼락,119905,매입방류,2023,01,경남,기타볼락류
박대,20000,무상방류,2023,11,전북,가자미류
해삼,120000,무상방류,2023,11,전북,해삼
해삼,70000,무상방류,2023,11,전북,해삼
해삼,120000,무상방류,2023,11,전북,해삼
해삼,68000,매입방류,2023,01,전남,해삼
해삼,68000,매입방류,2023,01,전남,해삼
해삼,68000,매입방류,2023,01,전남,해삼
해삼,68000,매입방류,2023,01,전남,해삼
해삼,68000,매입방류,2023,01,전남,해삼
해삼,69379,매입방류,2023,01,전남,해삼
뱀장어,6545,매입방류,2023,01,전남,갯장어
뱀장어,800,매입방류,2023,01,전남,갯장어
뱀장어,800,매입방류,2023,01,전남,갯장어
뱀장어,1600,매입방류,2023,01,전남,갯장어
뱀장어,1600,매입방류,2023,01,전남,갯장어
해삼,20000,매입방류,2023,01,전남,해삼
해삼,33169,매입방류,2023,01,전남,해삼
해삼,20000,매입방류,2023,01,전남,해삼
해삼,20000,매입방류,2023,01,전남,해삼
해삼,20000,매입방류,2023,01,전남,해삼
능성어,3508,매입방류,2023,10,전남,능성어
보리새우,634146,매입방류,2023,07,전남,기타갑각류
보리새우,341464,매입방류,2023,07,전남,기타갑각류
전복,16483,매입방류,2023,05,전남,기타
전복,20600,매입방류,2023,01,전남,기타
전복,20000,매입방류,2023,05,전남,기타
전복,10000,매입방류,2023,05,전남,기타
전복,16500,매입방류,2023,05,전남,기타
전복,20000,매입방류,2023,01,전남,기타
꽃게,55000,매입방류,2023,06,전남,꽃게
꽃게,55000,매입방류,2023,06,전남,꽃게
꽃게,80115,매입방류,2023,06,전남,꽃게
대하,1790419,매입방류,2023,05,전남,기타갑각류
대하,2000000,매입방류,2023,05,전남,기타갑각류
대하,1000000,매입방류,2023,05,전남,기타갑각류
보리새우,5250000,생산방류,2023,10,부산,기타갑각류
해삼,262480,매입방류,2023,12,경남,해삼
전복,46000,매입방류,2023,11,경남,기타
잉어,68462,매입방류,2023,10,경남,기타어류
해삼,30000,무상방류,2023,12,경남,해삼
해삼,402869,매입방류,2023,01,인천,해삼
해삼,371139,매입방류,2023,01,인천,해삼
해삼,381739,매입방류,2023,01,인천,해삼
해삼,104330,매입방류,2023,12,강원,해삼
전복,119206,매입방류,2023,01,부산,기타
붕어,66800,매입방류,2023,11,경남,기타어류
해삼,297456,매입방류,2023,11,경남,해삼
해삼,301334,매입방류,2023,11,경남,해삼
해삼,235539,매입방류,2023,01,경남,해삼
해삼,293553,매입방류,2023,12,강원,해삼
해삼,297710,매입방류,2023,01,강원,해삼
해삼,123600,매입방류,2023,01,강원,해삼
해삼,43778,매입방류,2023,12,강원,해삼
해삼,43870,매입방류,2023,12,강원,해삼
해삼,43778,매입방류,2023,12,강원,해삼
해삼,17579,매입방류,2023,01,울산,해삼
해삼,32116,매입방류,2023,01,울산,해삼
해삼,17618,매입방류,2023,01,울산,해삼
전복,39155,매입방류,2023,01,울산,기타
전복,37736,매입방류,2023,01,울산,기타
전복,37866,매입방류,2023,05,울산,기타
해삼,227500,매입방류,2023,11,경남,해삼
해삼,210835,매입방류,2023,04,경남,해삼
해삼,437913,매입방류,2023,04,경남,해삼
왕우럭,149847,매입방류,2023,12,경남,조피볼락(우럭)
전복,125240,매입방류,2023,01,경남,기타
보리새우,1740749,매입방류,2023,09,경남,기타갑각류
감성돔,86581,매입방류,2023,08,경남,감성돔
문치가자미,36187,매입방류,2023,07,경남,가자미류
볼락,46125,매입방류,2023,06,경남,기타볼락류
전복,220284,매입방류,2023,01,경남,기타
강도다리,94284,매입방류,2023,09,강원,가자미류
문치가자미,20594,매입방류,2023,07,강원,가자미류
쏘가리,2500,매입방류,2023,09,전북,기타어류
쏘가리,2500,매입방류,2023,09,전북,기타어류
붕어,200000,매입방류,2023,08,전북,기타어류
붕어,200000,매입방류,2023,08,전북,기타어류
붕어,100000,매입방류,2023,07,전북,기타어류
붕어,100000,매입방류,2023,07,전북,기타어류
잉어,47500,매입방류,2023,01,경남,기타어류
돌돔,84250,매입방류,2023,01,제주,돌돔(줄돔)
돌돔,64643,매입방류,2023,01,제주,돌돔(줄돔)
돌돔,249610,매입방류,2023,01,제주,돌돔(줄돔)
쏨뱅이,188784,매입방류,2023,01,제주,기타볼락류
쏨뱅이,22191,매입방류,2023,01,제주,기타볼락류
보리새우,750000,생산방류,2023,01,전남,기타갑각류
보리새우,750000,생산방류,2023,10,전남,기타갑각류
보리새우,750000,생산방류,2023,10,전남,기타갑각류
보리새우,750000,생산방류,2023,10,전남,기타갑각류
낙지,10000,생산방류,2023,10,전남,낙지류
낙지,10000,생산방류,2023,10,전남,낙지류
낙지,10000,생산방류,2023,01,전남,낙지류
동자개,145000,매입방류,2023,01,전북,기타
붕어,541000,매입방류,2023,01,전북,기타어류
해삼,14673,매입방류,2023,11,충남,해삼
해삼,69610,매입방류,2023,11,전남,해삼
해삼,100215,매입방류,2023,11,전남,해삼
해삼,115132,매입방류,2023,10,전남,해삼
홍해삼,174600,매입방류,2023,01,전남,해삼
해삼,70000,무상방류,2023,11,강원,해삼
문치가자미,134569,매입방류,2023,09,충남,가자미류
조피볼락,139408,매입방류,2023,07,충남,조피볼락(우럭)
조피볼락,377069,매입방류,2023,07,충남,조피볼락(우럭)
조피볼락,312357,매입방류,2023,08,충남,조피볼락(우럭)
감성돔,286534,매입방류,2023,06,충남,감성돔
대하,12349000,매입방류,2023,06,충남,기타갑각류
대하,11691666,매입방류,2023,06,충남,기타갑각류
참돔,302740,매입방류,2023,07,충남,참돔
꽃게,724328,매입방류,2023,06,충남,꽃게
꽃게,562954,매입방류,2023,06,충남,꽃게
넙치,430639,매입방류,2023,07,충남,넙치류(광어)
넙치,474647,매입방류,2023,07,충남,넙치류(광어)
참조기,70000,생산방류,2023,01,제주,참조기
능성어,10000,생산방류,2023,01,제주,능성어
자바리,10000,생산방류,2023,01,제주,기타돔류
말쥐치,20000,생산방류,2023,01,제주,쥐치류
참조기,40000,생산방류,2023,01,제주,참조기
참조기,30000,생산방류,2023,01,제주,참조기
은어,71000,생산방류,2023,02,부산,기타어류
넙치,170000,생산방류,2023,05,부산,넙치류(광어)
동남참게,205000,생산방류,2023,06,부산,기타
황복,62000,생산방류,2023,07,부산,복어류
톱날꽃게,78000,생산방류,2023,05,부산,기타갑각류
감성돔,351000,생산방류,2023,05,부산,감성돔
대구,1600000,생산방류,2023,01,부산,대구
미유기,18101,매입방류,2023,10,강원,기타
동자개,107759,매입방류,2023,09,강원,기타
동자개,83334,매입방류,2023,09,전북,기타
뱀장어,3419,매입방류,2023,06,전북,갯장어
붕어,510205,매입방류,2023,08,전북,기타어류
조피볼락,203584,매입방류,2023,06,전북,조피볼락(우럭)
감성돔,400120,매입방류,2023,07,전북,감성돔
쥐치,147059,매입방류,2023,01,전북,쥐치류
꽃게,1829827,매입방류,2023,06,전북,꽃게
조피볼락,128377,매입방류,2023,10,울산,조피볼락(우럭)
조피볼락,128378,매입방류,2023,10,울산,조피볼락(우럭)
조피볼락,128378,매입방류,2023,10,울산,조피볼락(우럭)
조피볼락,128378,매입방류,2023,10,울산,조피볼락(우럭)
조피볼락,128378,매입방류,2023,10,울산,조피볼락(우럭)
붕어,160000,매입방류,2023,06,충남,기타어류
메기,94000,매입방류,2023,06,충남,기타
참게,40000,매입방류,2023,06,충남,민꽃게
부세,150000,무상방류,2023,01,전남,기타조기류
참조기,250000,무상방류,2023,01,전남,참조기
전복,38929,매입방류,2023,05,전남,기타
전복,40630,매입방류,2023,05,전남,기타
전복,38946,매입방류,2023,05,전남,기타
전복,38128,매입방류,2023,05,전남,기타
전복,38695,매입방류,2023,05,전남,기타
전복,42563,매입방류,2023,05,전남,기타
전복,38475,매입방류,2023,01,전남,기타
전복,38917,매입방류,2023,05,전남,기타
전복,38360,매입방류,2023,05,전남,기타
전복,38225,매입방류,2023,05,전남,기타
전복,40234,매입방류,2023,05,전남,기타
전복,40131,매입방류,2023,05,전남,기타
전복,41319,매입방류,2023,05,전남,기타
해삼,97787,매입방류,2023,05,전남,해삼
해삼,221397,매입방류,2023,05,전남,해삼
해삼,41681,매입방류,2023,05,전남,해삼
주꾸미,100000,시험방류,2023,06,경기,주꾸미
갑오징어,50000,시험방류,2023,07,경기,갑오징어류
꽃게,100000,시험방류,2023,07,경기,꽃게
동자개,66667,매입방류,2023,10,경기,기타
대농갱이,64517,매입방류,2023,10,경기,기타
뱀장어,9519,매입방류,2023,07,경기,갯장어
쏘가리,33955,매입방류,2023,07,경기,기타어류
참게,87000,매입방류,2023,06,경기,민꽃게
은어,306122,매입방류,2023,06,경북,기타어류
동남참게,147052,매입방류,2023,06,부산,기타
쏘가리,10000,무상방류,2023,06,전북,기타어류
낙지,10000,생산방류,2023,01,전남,낙지류
낙지,10000,생산방류,2023,09,전남,낙지류
주꾸미,60000,생산방류,2023,07,전남,주꾸미
주꾸미,60000,생산방류,2023,07,전남,주꾸미
주꾸미,60000,생산방류,2023,07,전남,주꾸미
주꾸미,60000,생산방류,2023,07,전남,주꾸미
주꾸미,60000,생산방류,2023,06,전남,주꾸미
주꾸미,60000,생산방류,2023,06,전남,주꾸미
주꾸미,60000,생산방류,2023,06,전남,주꾸미
붕어,10000,무상방류,2023,08,경북,기타어류
잉어,10000,무상방류,2023,08,경북,기타어류
꽃게,106101,매입방류,2023,01,경기,꽃게
점농어,177040,매입방류,2023,01,경기,농어류
쥐노래미,69687,매입방류,2023,01,경기,노래미류
조피볼락,645497,매입방류,2023,01,경기,조피볼락(우럭)
꽃게,269059,매입방류,2023,01,경기,꽃게
대하,3000000,생산방류,2023,01,전남,기타갑각류
쏘가리,41057,매입방류,2023,01,경남,기타어류
대하,5000000,생산방류,2023,01,전남,기타갑각류
잉어,5000,생산방류,2023,08,경남,기타어류
붕어,2000,생산방류,2023,01,경남,기타어류
붕어,2000,생산방류,2023,01,경남,기타어류
잉어,5000,생산방류,2023,08,경남,기타어류
잉어,5000,생산방류,2023,08,경남,기타어류
붕어,2000,생산방류,2023,01,경남,기타어류
붕어,2000,생산방류,2023,01,경남,기타어류
붕어,2000,생산방류,2023,01,경남,기타어류
잉어,5000,생산방류,2023,08,경남,기타어류
잉어,5000,생산방류,2023,08,경남,기타어류
붕어,10000,생산방류,2023,08,경남,기타어류
잉어,40000,생산방류,2023,08,경남,기타어류
잉어,20000,생산방류,2023,09,경남,기타어류
붕어,10000,생산방류,2023,09,경남,기타어류
붕어,2500,생산방류,2023,08,경남,기타어류
붕어,2500,생산방류,2023,08,경남,기타어류
잉어,10000,생산방류,2023,08,경남,기타어류
붕어,2500,생산방류,2023,08,경남,기타어류
잉어,10000,생산방류,2023,08,경남,기타어류
붕어,2500,생산방류,2023,08,경남,기타어류
잉어,10000,생산방류,2023,08,경남,기타어류
잉어,10000,생산방류,2023,08,경남,기타어류
잉어,10000,생산방류,2023,08,경남,기타어류
잉어,5000,생산방류,2023,08,경남,기타어류
붕어,10000,생산방류,2023,08,경남,기타어류
잉어,5000,생산방류,2023,08,경남,기타어류
붕어,2500,생산방류,2023,08,경남,기타어류
잉어,5000,생산방류,2023,08,경남,기타어류
붕어,2500,생산방류,2023,08,경남,기타어류
잉어,5000,생산방류,2023,08,경남,기타어류
붕어,2500,생산방류,2023,08,경남,기타어류
잉어,5000,생산방류,2023,08,경남,기타어류
붕어,2500,생산방류,2023,08,경남,기타어류
잉어,10000,생산방류,2023,08,경남,기타어류
붕어,10000,생산방류,2023,08,경남,기타어류
잉어,20000,생산방류,2023,08,경남,기타어류
붕어,5000,생산방류,2023,08,경남,기타어류
잉어,10000,생산방류,2023,08,경남,기타어류
붕어,5000,생산방류,2023,08,경남,기타어류
잉어,10000,생산방류,2023,08,경남,기타어류
붕어,5000,생산방류,2023,08,경남,기타어류
잉어,10000,생산방류,2023,08,경남,기타어류
붕어,5000,생산방류,2023,08,경남,기타어류
잉어,40000,생산방류,2023,08,경남,기타어류
붕어,10000,생산방류,2023,08,경남,기타어류
붕어,50000,생산방류,2023,08,경남,기타어류
잉어,10000,생산방류,2023,08,경남,기타어류
잉어,10000,생산방류,2023,08,경남,기타어류
잉어,10000,생산방류,2023,08,경남,기타어류
잉어,10000,생산방류,2023,08,경남,기타어류
미꾸리,2000,생산방류,2023,08,경남,기타
미꾸리,5000,생산방류,2023,08,경남,기타
미꾸리,2000,생산방류,2023,08,경남,기타
미꾸리,2000,생산방류,2023,08,경남,기타
미꾸리,2000,생산방류,2023,08,경남,기타
미꾸리,8500,생산방류,2023,08,경남,기타
미꾸리,2000,생산방류,2023,08,경남,기타
미꾸리,2000,생산방류,2023,08,경남,기타
미꾸리,2000,생산방류,2023,08,경남,기타
미꾸리,2000,생산방류,2023,08,경남,기타
미꾸리,2500,생산방류,2023,08,경남,기타
미꾸리,2500,생산방류,2023,08,경남,기타
미꾸리,3000,생산방류,2023,01,경남,기타
미꾸리,2000,생산방류,2023,01,경남,기타
미꾸리,3000,생산방류,2023,08,경남,기타
미꾸리,2000,생산방류,2023,08,경남,기타
미꾸리,2000,생산방류,2023,08,경남,기타
미꾸리,2000,생산방류,2023,08,경남,기타
미꾸리,1500,생산방류,2023,08,경남,기타
버들치,15000,시험방류,2023,07,경북,기타
버들치,15000,시험방류,2023,07,경북,기타
버들치,10000,시험방류,2023,07,경북,기타
버들치,10000,시험방류,2023,07,경북,기타
버들치,10000,시험방류,2023,07,경북,기타
버들치,10000,시험방류,2023,07,경북,기타
버들치,15000,시험방류,2023,07,경북,기타
버들치,10000,시험방류,2023,07,경북,기타
버들치,15000,시험방류,2023,07,경북,기타
버들치,15000,시험방류,2023,07,경북,기타
버들치,15000,시험방류,2023,07,경북,기타
버들치,15000,시험방류,2023,07,경북,기타
버들치,15000,시험방류,2023,07,경북,기타
버들치,15000,시험방류,2023,07,경북,기타
빙어,1500000,시험방류,2023,04,경북,기타어류
빙어,1500000,시험방류,2023,04,경북,기타어류
미꾸리,10000,생산방류,2023,08,경북,기타
미꾸리,30000,생산방류,2023,08,경북,기타
미꾸리,50000,생산방류,2023,08,경북,기타
미꾸리,30000,생산방류,2023,08,경북,기타
미꾸리,30000,생산방류,2023,08,경북,기타
미꾸리,30000,생산방류,2023,08,경북,기타
미꾸리,30000,생산방류,2023,08,경북,기타
미꾸리,30000,생산방류,2023,08,경북,기타
미꾸리,10000,생산방류,2023,08,경북,기타
미꾸리,30000,생산방류,2023,08,경북,기타
미꾸리,10000,생산방류,2023,08,경북,기타
미꾸리,30000,생산방류,2023,08,경북,기타
미꾸리,50000,생산방류,2023,08,경북,기타
미꾸리,30000,생산방류,2023,08,경북,기타
동자개,5000,생산방류,2023,05,경북,기타
동자개,5000,생산방류,2023,05,경북,기타
동자개,5000,생산방류,2023,05,경북,기타
동자개,5000,생산방류,2023,05,경북,기타
붕어,10000,생산방류,2023,08,경북,기타어류
붕어,20000,생산방류,2023,08,경북,기타어류
붕어,20000,생산방류,2023,08,경북,기타어류
붕어,20000,생산방류,2023,08,경북,기타어류
붕어,10000,생산방류,2023,08,경북,기타어류
붕어,10000,생산방류,2023,08,경북,기타어류
붕어,30000,생산방류,2023,08,경북,기타어류
붕어,10000,생산방류,2023,08,경북,기타어류
붕어,10000,생산방류,2023,08,경북,기타어류
붕어,10000,생산방류,2023,08,경북,기타어류
붕어,10000,생산방류,2023,08,경북,기타어류
붕어,10000,생산방류,2023,08,경북,기타어류
붕어,10000,생산방류,2023,08,경북,기타어류
붕어,20000,생산방류,2023,08,경북,기타어류
붕어,30000,생산방류,2023,08,경북,기타어류
붕어,10000,생산방류,2023,08,경북,기타어류
붕어,20000,생산방류,2023,08,경북,기타어류
붕어,20000,생산방류,2023,08,경북,기타어류
붕어,20000,생산방류,2023,08,경북,기타어류
붕어,20000,생산방류,2023,08,경북,기타어류
붕어,40000,생산방류,2023,08,경북,기타어류
붕어,20000,생산방류,2023,08,경북,기타어류
붕어,20000,생산방류,2023,08,경북,기타어류
미꾸리,3000,무상방류,2023,01,경남,기타
붕어,20000,무상방류,2023,08,경남,기타어류
잉어,40000,무상방류,2023,08,경남,기타어류
붕어,5000,생산방류,2023,05,경북,기타어류
붕어,5000,생산방류,2023,05,경북,기타어류
붕어,5000,생산방류,2023,05,경북,기타어류
붕어,5000,생산방류,2023,05,경북,기타어류
보리새우,472490,매입방류,2023,09,경남,기타갑각류
붕어,100000,매입방류,2023,09,경남,기타어류
잉어,100000,매입방류,2023,09,경남,기타어류
보리새우,1965654,매입방류,2023,09,경남,기타갑각류
감성돔,144711,매입방류,2023,08,경남,감성돔
잉어,10000,생산방류,2023,08,경북,기타어류
잉어,10000,생산방류,2023,08,경북,기타어류
잉어,5000,생산방류,2023,08,경북,기타어류
잉어,10000,생산방류,2023,08,경북,기타어류
잉어,10000,생산방류,2023,08,경북,기타어류
잉어,10000,생산방류,2023,08,경북,기타어류
잉어,10000,생산방류,2023,08,경북,기타어류
잉어,10000,생산방류,2023,08,경북,기타어류
잉어,10000,생산방류,2023,08,경북,기타어류
잉어,10000,생산방류,2023,08,경북,기타어류
잉어,10000,생산방류,2023,08,경북,기타어류
잉어,5000,생산방류,2023,08,경북,기타어류
잉어,5000,생산방류,2023,08,경북,기타어류
잉어,10000,생산방류,2023,08,경북,기타어류
잉어,10000,생산방류,2023,08,경북,기타어류
잉어,5000,생산방류,2023,08,경북,기타어류
잉어,10000,생산방류,2023,08,경북,기타어류
잉어,10000,생산방류,2023,08,경북,기타어류
잉어,10000,생산방류,2023,08,경북,기타어류
잉어,10000,생산방류,2023,08,경북,기타어류
잉어,5000,생산방류,2023,08,경북,기타어류
잉어,5000,생산방류,2023,08,경북,기타어류
잉어,10000,생산방류,2023,08,경북,기타어류
잉어,5000,생산방류,2023,05,경북,기타어류
잉어,5000,생산방류,2023,05,경북,기타어류
잉어,5000,생산방류,2023,05,경북,기타어류
잉어,5000,생산방류,2023,05,경북,기타어류
말쥐치,129103,매입방류,2023,06,경남,쥐치류
문치가자미,109523,매입방류,2023,07,경남,가자미류
꽃게,226335,매입방류,2023,07,경남,꽃게
동남참게,95557,매입방류,2023,06,경남,기타
돌돔,163007,매입방류,2023,06,경남,돌돔(줄돔)
볼락,182233,매입방류,2023,05,경남,기타볼락류
꽃게,750000,생산방류,2023,01,전남,꽃게
보리새우,1473000,매입방류,2023,08,전남,기타갑각류
대하,12800000,매입방류,2023,05,전남,기타갑각류
감성돔,109890,매입방류,2023,06,전남,감성돔
강도다리,50000,무상방류,2023,01,강원,가자미류
말쥐치,275600,매입방류,2023,06,경남,쥐치류
꽃게,132160,매입방류,2023,06,경남,꽃게
문치가자미,63200,매입방류,2023,06,경남,가자미류
돌돔,88300,매입방류,2023,01,경남,돌돔(줄돔)
갑오징어,20000,생산방류,2023,01,전남,갑오징어류
갑오징어,30000,생산방류,2023,01,전남,갑오징어류
대농갱이,15428,매입방류,2023,10,강원,기타
대농갱이,25000,매입방류,2023,10,강원,기타
대농갱이,25000,매입방류,2023,10,강원,기타
대농갱이,25000,매입방류,2023,10,강원,기타
대농갱이,25000,매입방류,2023,10,강원,기타
대농갱이,25000,매입방류,2023,10,강원,기타
붕어,60000,생산방류,2023,10,강원,기타어류
붕어,60000,생산방류,2023,10,강원,기타어류
동남참게,289000,매입방류,2023,06,경남,기타
감성돔,134612,매입방류,2023,06,전남,감성돔
점농어,69007,매입방류,2023,06,전남,농어류
주꾸미,100000,무상방류,2023,06,전북,주꾸미
주꾸미,50000,무상방류,2023,06,전북,주꾸미
주꾸미,100000,무상방류,2023,06,전북,주꾸미
주꾸미,100000,무상방류,2023,06,전북,주꾸미
꽃게,100000,무상방류,2023,06,전북,꽃게
꽃게,40000,무상방류,2023,06,전북,꽃게
꽃게,100000,무상방류,2023,06,전북,꽃게
해삼,50000,무상방류,2023,05,전북,해삼
동자개,218982,매입방류,2023,09,전북,기타
붕어,217392,매입방류,2023,09,전북,기타어류
메기,380113,매입방류,2023,05,전북,기타
뱀장어,8197,매입방류,2023,01,전북,갯장어
은어,32000,매입방류,2023,01,강원,기타어류
은어,32000,매입방류,2023,01,강원,기타어류
은어,31240,매입방류,2023,01,강원,기타어류
뱀장어,1280,매입방류,2023,01,강원,갯장어
뱀장어,1280,매입방류,2023,01,강원,갯장어
뱀장어,1279,매입방류,2023,01,강원,갯장어
붕어,37879,매입방류,2023,01,강원,기타어류
붕어,37879,매입방류,2023,01,강원,기타어류
붕어,37879,매입방류,2023,01,강원,기타어류
쏘가리,8000,매입방류,2023,01,전북,기타어류
쏘가리,8000,매입방류,2023,01,전북,기타어류
해삼,61906,매입방류,2023,06,강원,해삼
해삼,60661,매입방류,2023,06,강원,해삼
해삼,60488,매입방류,2023,01,강원,해삼
동자개,10000,매입방류,2023,01,전북,기타
메기,20180,매입방류,2023,01,전북,기타
메기,80000,매입방류,2023,01,전북,기타
메기,80000,매입방류,2023,01,전북,기타
쏘가리,2491,매입방류,2023,01,전북,기타어류
쏘가리,1000,매입방류,2023,01,전북,기타어류
쏘가리,1000,매입방류,2023,01,전북,기타어류
동자개,8000,매입방류,2023,01,전북,기타
동자개,8000,매입방류,2023,01,전북,기타
동자개,8000,매입방류,2023,01,전북,기타
동자개,8206,매입방류,2023,01,전북,기타
동자개,10000,매입방류,2023,01,전북,기타
동자개,8000,매입방류,2023,01,전북,기타
동자개,8000,매입방류,2023,01,전북,기타
동자개,8000,매입방류,2023,01,전북,기타
동자개,10000,매입방류,2023,01,전북,기타
뚝지,324117,매입방류,2023,04,강원,기타
홍해삼,100000,시험방류,2023,01,제주,해삼
홍해삼,100000,시험방류,2023,01,제주,해삼
홍해삼,100000,시험방류,2023,01,제주,해삼
홍해삼,100000,시험방류,2023,01,제주,해삼
홍해삼,15000,생산방류,2023,01,제주,해삼
홍해삼,15000,생산방류,2023,01,제주,해삼
대구,6000000,무상방류,2023,04,강원,대구
넙치,50000,무상방류,2023,09,강원,넙치류(광어)
강도다리,50000,무상방류,2023,09,강원,가자미류
쥐노래미,40000,무상방류,2023,06,강원,노래미류
뚝지,200000,무상방류,2023,04,강원,기타
해삼,59140,매입방류,2023,01,강원,해삼
해삼,59070,매입방류,2023,01,강원,해삼
해삼,56395,매입방류,2023,01,강원,해삼
전복,28750,매입방류,2023,01,강원,기타
전복,28793,매입방류,2023,01,강원,기타
전복,28750,매입방류,2023,01,강원,기타
뱀장어,3678,매입방류,2023,01,강원,갯장어
뱀장어,4293,매입방류,2023,01,강원,갯장어
해삼,36871,매입방류,2023,01,강원,해삼
해삼,42978,매입방류,2023,01,강원,해삼
쥐노래미,16105,매입방류,2023,01,강원,노래미류
붕어,32160,매입방류,2023,01,전북,기타어류
붕어,30000,매입방류,2023,01,전북,기타어류
해삼,80000,생산방류,2023,05,강원,해삼
붕어,10298,매입방류,2023,01,전북,기타어류
해삼,55268,매입방류,2023,01,강원,해삼
전복,40361,매입방류,2023,01,강원,기타
전복,41145,매입방류,2023,01,강원,기타
해삼,54733,매입방류,2023,01,강원,해삼
해삼,36489,매입방류,2023,01,강원,해삼
붕어,7000,매입방류,2023,01,전북,기타어류
붕어,15540,매입방류,2023,01,전북,기타어류
넙치,50000,생산방류,2023,09,강원,넙치류(광어)
강도다리,50000,생산방류,2023,09,강원,가자미류
강도다리,50000,생산방류,2023,09,강원,가자미류
강도다리,50000,생산방류,2023,09,강원,가자미류
강도다리,50000,생산방류,2023,09,강원,가자미류
강도다리,50000,생산방류,2023,09,강원,가자미류
강도다리,50000,생산방류,2023,09,강원,가자미류
뚝지,150000,생산방류,2023,04,강원,기타
쥐노래미,40000,시험방류,2023,06,강원,노래미류
대구,4000000,생산방류,2023,04,강원,대구
뚝지,200000,생산방류,2023,03,강원,기타
뚝지,200000,생산방류,2023,04,강원,기타
뚝지,200000,생산방류,2023,04,강원,기타
붕어,15540,매입방류,2023,01,전북,기타어류
붕어,15540,매입방류,2023,01,전북,기타어류
붕어,15540,매입방류,2023,01,전북,기타어류
붕어,15540,매입방류,2023,01,전북,기타어류
붕어,15540,매입방류,2023,01,전북,기타어류
붕어,10000,매입방류,2023,01,전북,기타어류
붕어,15540,매입방류,2023,01,전북,기타어류
전복,40022,매입방류,2023,01,강원,기타
뚝지,344827,매입방류,2023,01,강원,기타
메기,60000,매입방류,2023,08,경북,기타
붕어,40000,매입방류,2023,08,경북,기타어류
쏘가리,29000,매입방류,2023,01,경북,기타어류
해삼,393176,매입방류,2023,01,인천,해삼
전복,348433,매입방류,2023,01,인천,기타
꽃게,467910,매입방류,2023,01,인천,꽃게
붕어,100000,생산방류,2023,09,충남,기타어류
붕어,100000,생산방류,2023,09,충남,기타어류
붕어,100000,생산방류,2023,09,충남,기타어류
붕어,100000,생산방류,2023,09,충남,기타어류
동자개,200000,생산방류,2023,09,충남,기타
붕어,100000,생산방류,2023,09,충남,기타어류
참게,250000,생산방류,2023,05,충남,민꽃게
꽃게,1092084,매입방류,2023,08,인천,꽃게
조피볼락,728680,매입방류,2023,08,인천,조피볼락(우럭)
점농어,451996,매입방류,2023,06,인천,농어류
동자개,68182,매입방류,2023,08,경남,기타
잉어,41667,매입방류,2023,07,경남,기타어류
붕어,41667,매입방류,2023,07,경남,기타어류
동남참게,100000,매입방류,2023,06,경남,기타
쏘가리,17000,매입방류,2023,06,경남,기타어류
조피볼락,653641,매입방류,2023,01,인천,조피볼락(우럭)
점농어,314078,매입방류,2023,01,인천,농어류
꽃게,1108400,매입방류,2023,01,인천,꽃게
대농갱이,130785,매입방류,2023,09,경기,기타
쏘가리,39737,매입방류,2023,08,경기,기타어류
참게,144389,매입방류,2023,06,경기,민꽃게
뱀장어,11240,매입방류,2023,06,경기,갯장어
감성돔,174700,매입방류,2023,07,전남,감성돔
감성돔,220000,매입방류,2023,06,전남,감성돔
동자개,72727,매입방류,2023,01,충남,기타
참게,122449,매입방류,2023,07,충남,민꽃게
쏘가리,17007,매입방류,2023,07,충남,기타어류
감성돔,108109,매입방류,2023,01,전남,감성돔
점농어,104020,매입방류,2023,01,전남,농어류
감성돔,111627,매입방류,2023,01,전남,감성돔
감성돔,111627,매입방류,2023,01,전남,감성돔
돌돔,79546,매입방류,2023,01,전남,돌돔(줄돔)
황복,470000,매입방류,2023,01,경기,복어류
동자개,32230,매입방류,2023,09,강원,기타
전복,540000,무상방류,2023,03,경북,기타
개볼락,70000,무상방류,2023,01,경북,기타볼락류
문치가자미,535000,무상방류,2023,07,경북,가자미류
쥐노래미,300000,무상방류,2023,05,경북,노래미류
물렁가시붉은새우,300000,무상방류,2023,05,경북,기타갑각류
전복,118450,매입방류,2023,01,경북,기타
해삼,247865,매입방류,2023,01,경북,해삼
전복,47066,매입방류,2023,01,울산,기타
전복,54306,매입방류,2023,01,울산,기타
전복,39824,매입방류,2023,01,울산,기타
전복,39824,매입방류,2023,01,울산,기타
전복,50686,매입방류,2023,01,울산,기타
전복,43445,매입방류,2023,01,울산,기타
전복,39824,매입방류,2023,01,울산,기타
전복,47065,매입방류,2023,01,울산,기타
동자개,15000,매입방류,2023,01,경북,기타
붕어,15300,매입방류,2023,01,경북,기타어류
메기,19000,매입방류,2023,01,경북,기타
쏘가리,6000,매입방류,2023,01,경북,기타어류
붕어,20000,생산방류,2023,09,경기,기타어류
붕어,8000,생산방류,2023,09,경기,기타어류
붕어,8000,생산방류,2023,09,경기,기타어류
붕어,8000,생산방류,2023,09,경기,기타어류
붕어,7000,생산방류,2023,09,경기,기타어류
붕어,8000,생산방류,2023,09,경기,기타어류
붕어,3000,생산방류,2023,09,경기,기타어류
붕어,8000,생산방류,2023,09,경기,기타어류
붕어,8000,생산방류,2023,09,경기,기타어류
붕어,8000,생산방류,2023,09,경기,기타어류
붕어,11000,생산방류,2023,09,경기,기타어류
붕어,13000,생산방류,2023,09,경기,기타어류
동자개,50000,생산방류,2023,09,강원,기타
동자개,50000,생산방류,2023,09,강원,기타
동자개,50000,생산방류,2023,09,강원,기타
동자개,60000,생산방류,2023,09,강원,기타
동자개,50000,생산방류,2023,09,강원,기타
동자개,50000,생산방류,2023,09,강원,기타
동자개,50000,생산방류,2023,09,강원,기타
동자개,50000,생산방류,2023,09,강원,기타
잉어,466396,매입방류,2023,01,부산,기타어류
붕어,438481,매입방류,2023,01,부산,기타어류
조피볼락,1213175,매입방류,2023,08,경기,조피볼락(우럭)
참게,277489,매입방류,2023,06,경기,민꽃게
황복,353600,매입방류,2023,08,경기,복어류
꽃게,437364,매입방류,2023,07,경기,꽃게
미꾸리,4000,생산방류,2023,01,경기,기타
미꾸리,4000,생산방류,2023,01,경기,기타
미꾸리,2000,생산방류,2023,01,경기,기타
미꾸리,7000,생산방류,2023,01,경기,기타
미꾸리,12000,생산방류,2023,01,경기,기타
미꾸리,4000,생산방류,2023,01,경기,기타
미꾸리,7000,생산방류,2023,01,경기,기타
미꾸리,20000,생산방류,2023,01,경기,기타
동자개,145080,매입방류,2023,09,경북,기타
붕어,197400,매입방류,2023,09,경북,기타어류
쏘가리,113238,매입방류,2023,01,경북,기타어류
뱀장어,10920,매입방류,2023,01,경북,갯장어
메기,360300,매입방류,2023,09,경북,기타
전복,44077,매입방류,2023,05,경남,기타
대농갱이,35714,매입방류,2023,01,강원,기타
동자개,41666,매입방류,2023,01,강원,기타
꽃게,655072,매입방류,2023,01,인천,꽃게
조피볼락,570206,매입방류,2023,01,인천,조피볼락(우럭)
조피볼락,560613,매입방류,2023,01,인천,조피볼락(우럭)
조피볼락,884616,매입방류,2023,01,인천,조피볼락(우럭)
조피볼락,764521,매입방류,2023,01,인천,조피볼락(우럭)
동자개,50000,무상방류,2023,01,강원,기타
대농갱이,50000,무상방류,2023,01,강원,기타
동자개,28346,매입방류,2023,09,강원,기타
동자개,20000,매입방류,2023,09,강원,기타
동자개,20000,매입방류,2023,09,강원,기타
동자개,20000,매입방류,2023,09,강원,기타
동자개,20000,매입방류,2023,09,강원,기타
동자개,20000,매입방류,2023,09,강원,기타
뱀장어,19608,매입방류,2023,07,강원,갯장어
쏘가리,64378,매입방류,2023,01,강원,기타어류
동자개,55000,무상방류,2023,09,강원,기타
대농갱이,50000,무상방류,2023,08,강원,기타
참게,122449,매입방류,2023,07,충남,민꽃게
뱀장어,10514,매입방류,2023,06,충남,갯장어
뱀장어,9900,매입방류,2023,06,충남,갯장어
동자개,111112,매입방류,2023,07,충남,기타
메기,137932,매입방류,2023,06,충남,기타
붕어,175439,매입방류,2023,07,충남,기타어류
조피볼락,145455,매입방류,2023,07,충남,조피볼락(우럭)
감성돔,132276,매입방류,2023,07,충남,감성돔
참돔,344828,매입방류,2023,06,충남,참돔
감성돔,30000,생산방류,2023,07,경남,감성돔
참돔,50000,생산방류,2023,07,경남,참돔
전어,100000,생산방류,2023,08,경남,전어
넙치,1283759,매입방류,2023,07,경기,넙치류(광어)
미유기,40000,무상방류,2023,05,강원,기타
동자개,50000,무상방류,2023,09,강원,기타
대농갱이,50000,무상방류,2023,08,강원,기타
뱀장어,12000,무상방류,2023,07,강원,갯장어
붕어,189934,매입방류,2023,01,강원,기타어류
동자개,70177,매입방류,2023,01,강원,기타
쏘가리,15790,매입방류,2023,01,강원,기타어류
넙치,842556,매입방류,2023,07,인천,넙치류(광어)
넙치,503847,매입방류,2023,07,인천,넙치류(광어)
동자개,50000,무상방류,2023,09,강원,기타
넙치,269231,매입방류,2023,01,경북,넙치류(광어)
동자개,53681,매입방류,2023,09,강원,기타
넙치,484262,매입방류,2023,06,전북,넙치류(광어)
넙치,566876,매입방류,2023,07,충남,넙치류(광어)
대농갱이,59923,매입방류,2023,01,강원,기타
보리새우,318979,매입방류,2023,09,경남,기타갑각류
보리새우,318980,매입방류,2023,09,경남,기타갑각류
쏘가리,10000,매입방류,2023,09,전북,기타어류
동자개,10000,매입방류,2023,09,전북,기타
메기,10000,매입방류,2023,09,전북,기타
메기,54054,매입방류,2023,01,강원,기타
뱀장어,3733,매입방류,2023,06,강원,갯장어
쏘가리,20617,매입방류,2023,06,강원,기타어류
갑오징어,89000,생산방류,2023,06,인천,갑오징어류
참조기,200000,생산방류,2023,08,인천,참조기
주꾸미,150000,생산방류,2023,07,인천,주꾸미
주꾸미,170000,생산방류,2023,06,인천,주꾸미
주꾸미,200000,생산방류,2023,06,인천,주꾸미
갑오징어,106000,생산방류,2023,07,인천,갑오징어류
메기,268474,매입방류,2023,01,충남,기타
붕어,272005,매입방류,2023,08,충남,기타어류
붕어,85005,매입방류,2023,09,강원,기타어류
대농갱이,50000,생산방류,2023,08,강원,기타
대농갱이,70000,생산방류,2023,08,강원,기타
대농갱이,50000,생산방류,2023,08,강원,기타
대농갱이,50000,생산방류,2023,08,강원,기타
대농갱이,50000,생산방류,2023,08,강원,기타
뱀장어,7604,매입방류,2023,07,경기,갯장어
동자개,80000,매입방류,2023,07,경기,기타
쏘가리,72317,매입방류,2023,01,강원,기타어류
쥐치,30521,매입방류,2023,07,부산,쥐치류
쏘가리,10900,매입방류,2023,01,강원,기타어류
쏘가리,10800,매입방류,2023,01,강원,기타어류
쏘가리,10800,매입방류,2023,01,강원,기타어류
뱀장어,1785,매입방류,2023,01,강원,갯장어
뱀장어,1785,매입방류,2023,01,강원,갯장어
문치가자미,21053,매입방류,2023,08,경남,가자미류
문치가자미,21053,매입방류,2023,08,경남,가자미류
빙어,1000000,생산방류,2023,04,경남,기타어류
빙어,2500000,생산방류,2023,04,경남,기타어류
빙어,2000000,생산방류,2023,04,경남,기타어류
빙어,2500000,생산방류,2023,04,경남,기타어류
빙어,2000000,생산방류,2023,04,경남,기타어류
동남참게,15000,시험방류,2023,07,경남,기타
동남참게,15000,시험방류,2023,07,경남,기타
연어,50000,생산방류,2023,03,경남,송어류
연어,100000,생산방류,2023,03,경남,송어류
메기,5000,생산방류,2023,08,경남,기타
뱀장어,12000,매입방류,2023,01,강원,갯장어
뱀장어,12000,매입방류,2023,01,강원,갯장어
뱀장어,12000,매입방류,2023,01,강원,갯장어
뱀장어,12000,매입방류,2023,01,강원,갯장어
뱀장어,12000,매입방류,2023,01,강원,갯장어
미유기,40000,생산방류,2023,05,강원,기타
미유기,10000,생산방류,2023,05,강원,기타
미유기,30000,생산방류,2023,05,강원,기타
미유기,40000,생산방류,2023,05,강원,기타
미유기,40000,생산방류,2023,05,강원,기타
미유기,40000,생산방류,2023,05,강원,기타
미유기,40000,생산방류,2023,05,강원,기타
해삼,180506,매입방류,2023,06,강원,해삼
뱀장어,3795,매입방류,2023,06,강원,갯장어
넙치,96375,매입방류,2023,07,충남,넙치류(광어)
꽃게,45767,매입방류,2023,01,충남,꽃게
메기,118433,매입방류,2023,08,강원,기타
메기,110490,매입방류,2023,07,강원,기타
넙치,88144,매입방류,2023,07,충남,넙치류(광어)
붕어,219946,매입방류,2023,01,충남,기타어류
메기,109503,매입방류,2023,01,충남,기타
대하,8006861,매입방류,2023,01,충남,기타갑각류
꽃게,783721,매입방류,2023,01,충남,꽃게
쏘가리,19700,매입방류,2023,07,경남,기타어류
뱀장어,8529,매입방류,2023,05,경남,갯장어
쏘가리,22186,매입방류,2023,07,강원,기타어류
넙치,675676,매입방류,2023,06,전북,넙치류(광어)
조피볼락,1065644,매입방류,2023,06,전북,조피볼락(우럭)
감성돔,337703,매입방류,2023,06,전북,감성돔
말쥐치,434783,매입방류,2023,07,전북,쥐치류
뱀장어,9338,매입방류,2023,05,전북,갯장어
은어,108620,매입방류,2023,03,강원,기타어류
말쥐치,81800,매입방류,2023,06,부산,쥐치류
전복,52632,매입방류,2023,05,부산,기타
문치가자미,50000,무상방류,2023,07,경북,가자미류
문치가자미,50000,무상방류,2023,07,경북,가자미류
조피볼락,373135,매입방류,2023,07,충남,조피볼락(우럭)
강도다리,46209,매입방류,2023,07,강원,가자미류
강도다리,46846,매입방류,2023,07,강원,가자미류
은어,20000,생산방류,2023,03,경남,기타어류
은어,20000,생산방류,2023,03,경남,기타어류
은어,30000,생산방류,2023,03,경남,기타어류
은어,10000,생산방류,2023,03,경남,기타어류
은어,10000,생산방류,2023,03,경남,기타어류
은어,40000,생산방류,2023,03,경남,기타어류
은어,50000,생산방류,2023,03,경남,기타어류
은어,10000,생산방류,2023,03,경남,기타어류
은어,20000,생산방류,2023,03,경남,기타어류
은어,20000,생산방류,2023,03,경남,기타어류
은어,10000,생산방류,2023,03,경남,기타어류
은어,10000,생산방류,2023,03,경남,기타어류
넙치,140846,매입방류,2023,07,충남,넙치류(광어)
넙치,140845,매입방류,2023,07,충남,넙치류(광어)
돌돔,73318,매입방류,2023,01,부산,돌돔(줄돔)
전복,91568,매입방류,2023,01,부산,기타
말쥐치,49850,매입방류,2023,07,경남,쥐치류
말쥐치,49851,매입방류,2023,07,경남,쥐치류
꽃게,115310,매입방류,2023,06,경남,꽃게
쏘가리,1000,생산방류,2023,01,경기,기타어류
쏘가리,1000,생산방류,2023,01,경기,기타어류
쏘가리,1000,생산방류,2023,01,경기,기타어류
쏘가리,1000,생산방류,2023,01,경기,기타어류
빙어,500000,생산방류,2023,01,경기,기타어류
빙어,450000,생산방류,2023,01,경기,기타어류
쏘가리,2000,생산방류,2023,01,경기,기타어류
쏘가리,1000,생산방류,2023,01,경기,기타어류
쏘가리,2000,생산방류,2023,01,경기,기타어류
쏘가리,1000,생산방류,2023,01,경기,기타어류
빙어,450000,생산방류,2023,01,경기,기타어류
꽃게,951853,매입방류,2023,06,충남,꽃게
참돔,203583,매입방류,2023,06,충남,참돔
꽃게,921312,매입방류,2023,07,충남,꽃게
대하,30189130,매입방류,2023,06,충남,기타갑각류
조피볼락,294897,매입방류,2023,06,충남,조피볼락(우럭)
돌돔,129691,매입방류,2023,01,전남,돌돔(줄돔)
점농어,75656,매입방류,2023,01,전남,농어류
감성돔,143135,매입방류,2023,01,전남,감성돔
점농어,77572,매입방류,2023,01,전남,농어류
감성돔,161614,매입방류,2023,01,전남,감성돔
감성돔,136345,매입방류,2023,01,전남,감성돔
뱀장어,9824,매입방류,2023,06,강원,갯장어
참게,81633,매입방류,2023,06,강원,민꽃게
뱀장어,1848,매입방류,2023,06,강원,갯장어
뱀장어,1300,매입방류,2023,06,강원,갯장어
뱀장어,1000,매입방류,2023,06,강원,갯장어
뱀장어,1300,매입방류,2023,06,강원,갯장어
뱀장어,1300,매입방류,2023,06,강원,갯장어
뱀장어,1000,매입방류,2023,06,강원,갯장어
쏘가리,10000,매입방류,2023,06,강원,기타어류
쏘가리,10513,매입방류,2023,06,강원,기타어류
해삼,59711,매입방류,2023,06,강원,해삼
뱀장어,10066,매입방류,2023,06,충남,갯장어
뚝지,263971,매입방류,2023,04,강원,기타
전복,28672,매입방류,2023,05,부산,기타
해삼,112500,매입방류,2023,01,부산,해삼
참돔,48781,매입방류,2023,06,경남,참돔
참돔,48780,매입방류,2023,06,경남,참돔
감성돔,48781,매입방류,2023,06,경남,감성돔
감성돔,48780,매입방류,2023,06,경남,감성돔
볼락,73015,매입방류,2023,06,경남,기타볼락류
볼락,73015,매입방류,2023,06,경남,기타볼락류
볼락,50794,매입방류,2023,06,경남,기타볼락류
볼락,50794,매입방류,2023,06,경남,기타볼락류
볼락,50794,매입방류,2023,06,경남,기타볼락류
볼락,50794,매입방류,2023,06,경남,기타볼락류
볼락,50794,매입방류,2023,01,경남,기타볼락류
전복,14493,매입방류,2023,05,경남,기타
전복,14493,매입방류,2023,01,경남,기타
전복,66028,매입방류,2023,01,부산,기타
대하,1125377,매입방류,2023,06,충남,기타갑각류
참게,157000,매입방류,2023,06,전북,민꽃게
미유기,40000,무상방류,2023,01,강원,기타
해삼,35292,매입방류,2023,01,강원,해삼
해삼,46938,매입방류,2023,06,강원,해삼
해삼,45009,매입방류,2023,06,강원,해삼
점농어,100000,생산방류,2023,01,인천,농어류
전복,45542,매입방류,2023,05,울산,기타
전복,55577,매입방류,2023,05,울산,기타
전복,51542,매입방류,2023,05,울산,기타
전복,41595,매입방류,2023,05,울산,기타
전복,46506,매입방류,2023,05,울산,기타
전복,42042,매입방류,2023,05,울산,기타
전복,38256,매입방류,2023,05,울산,기타
전복,40595,매입방류,2023,01,울산,기타
전복,322200,매입방류,2023,01,부산,기타
해삼,334520,매입방류,2023,05,경북,해삼
전복,276000,매입방류,2023,05,경북,기타
대농갱이,62973,매입방류,2023,01,강원,기타
동자개,84034,매입방류,2023,05,충남,기타
은어,136364,매입방류,2023,05,경북,기타어류
쥐노래미,48000,무상방류,2023,01,경북,노래미류
전복,100000,무상방류,2023,03,경북,기타
전복,50000,무상방류,2023,03,경북,기타
전복,20000,무상방류,2023,03,경북,기타
전복,20000,무상방류,2023,03,경북,기타
쥐노래미,46000,무상방류,2023,05,경북,노래미류
전복,32026,매입방류,2023,05,강원,기타
전복,32027,매입방류,2023,05,강원,기타
뚝지,211576,매입방류,2023,04,강원,기타
뚝지,211576,매입방류,2023,04,강원,기타
은어,45455,매입방류,2023,04,강원,기타어류
뚝지,416089,매입방류,2023,04,강원,기타
은어,10000,무상방류,2023,03,경남,기타어류
연어,900000,생산방류,2023,01,경북,송어류
꼼치,1000000,무상방류,2023,01,경남,꼼치류
대구,5000000,생산방류,2023,02,경남,대구
은어,121362,매입방류,2023,01,경남,기타어류
연어,700000,생산방류,2023,03,강원,송어류
연어,300000,생산방류,2023,03,강원,송어류
꼼치,30050000,생산방류,2023,01,전남,꼼치류
