시도,어종명,항목,단위,2023.01 월,2023.02 월,2023.03 월,2023.04 월,2023.05 월,2023.06 월,2023.07 월,2023.08 월,2023.09 월,2023.10 월,2023.11 월,2023.12 월,2024.01 월,2024.02 월,2024.03 월,2024.04 월,2024.05 월,2024.06 월,2024.07 월,2024.08 월,2024.09 월,2024.10 월
부산,가오리류,총마릿수[마리],마리,,,107,,,,,,,,,,,,,5,,19,,3,,
부산,가오리류,총중량[kg],kg,,,78.4,,,,,,,,,,,,,4.6,,16,,1.6,,
부산,가자미류,총마릿수[마리],마리,1784,3033,1808,1296,481,122,,217,,,133,,,98,1179,2682,361,43,,,,
부산,가자미류,총중량[kg],kg,1300.7,1531.2,962,541.2,270.8,87.9,,126.9,,,47.6,,,47.6,583.1,1343,142.9,18.7,,,,
부산,갈치,총마릿수[마리],마리,,115,,,,,,96828,84627,126154,24237,,,,,,,,,556,34134,31302
부산,갈치,총중량[kg],kg,,26.9,,,,,,23719.5,27561,43081.5,8428.5,,,,,,,,,152.6,8881.4,7030.1
부산,고등어,총마릿수[마리],마리,133,617,3460,554,679,3604,990,3402,995,2395,2436,,92,818,190,84,,504,4225,5033,5630,8931
부산,고등어,총중량[kg],kg,21.5,104.5,483.9,82.7,274.3,1688,359.9,861.2,244.2,1055.1,785,,9.2,211,63.4,11.5,,337.5,2665.8,1476.2,1227.5,1935.5
부산,꽁치,총마릿수[마리],마리,,,,,,,,,,,,,214,,,,,,,,,
부산,꽁치,총중량[kg],kg,,,,,,,,,,,,,179.7,,,,,,,,,
부산,학공치,총마릿수[마리],마리,623,1992,5619,,,,167,326,,,,10988,31401,6966,988,366,,,,1183,294,1449
부산,학공치,총중량[kg],kg,109.8,236.9,276.2,,,,33.4,35.7,,,,1259.6,3066.6,593.4,62.2,28.4,,,,201.1,44.1,287.4
부산,넙치류(광어),총마릿수[마리],마리,89,100,,,83,115,,,3,19,16,,4,2,,8,8,,,,,7
부산,넙치류(광어),총중량[kg],kg,121.2,237.2,,,125,123.7,,,34.9,68.5,306.8,,10.9,3,,23.1,18.9,,,,,17.4
부산,농어류,총마릿수[마리],마리,93,107,44,478,471,787,905,976,437,610,121,40,,5,211,208,312,544,267,71,221,177
부산,농어류,총중량[kg],kg,135.5,156.6,87.2,956.8,491.2,728.4,1370.2,1498.7,705.4,880.9,144.9,68.7,,2.5,113.7,266.4,432.5,526.1,319.1,69.8,286.6,269.7
부산,눈볼대,총마릿수[마리],마리,697,,,,,,,,,,,,,,,,,,,,,
부산,눈볼대,총중량[kg],kg,356.2,,,,,,,,,,,,,,,,,,,,,
부산,능성어,총마릿수[마리],마리,,,,,5,,,,,,,,,,,,,,,,10,7
부산,능성어,총중량[kg],kg,,,,,11.6,,,,,,,,,,,,,,,,3.6,5.4
부산,참다랑어,총마릿수[마리],마리,,,,,,,,4,,,7,,19,3,,,,,,,12,55
부산,참다랑어,총중량[kg],kg,,,,,,,,10.9,,,21.7,,43.8,2.5,,,,,,,21.9,82.5
부산,기타다랑어류,총마릿수[마리],마리,,,9,,,,,,40,,,10,,,3,,,,,24,,2
부산,기타다랑어류,총중량[kg],kg,,,26.5,,,,,,79.7,,,10,,,2.4,,,,,4.7,,2
부산,대구,총마릿수[마리],마리,,10,,,,,,,,,,,,,,,,,,,,
부산,대구,총중량[kg],kg,,10,,,,,,,,,,,,,,,,,,,,
부산,감성돔,총마릿수[마리],마리,1152,1836,3753,2953,,536,1193,133498,121271,54216,24505,19644,8774,5512,7557,4446,7,1999,261,3347,9099,11940
부산,감성돔,총중량[kg],kg,672.5,1721.7,3198.9,1947.9,,281.3,945.1,52985.2,58943.9,23543.7,12987.8,10345.2,5751,3055.7,4497.5,3137.9,2.9,1389.7,86.6,1005.3,3990.2,7079.2
부산,옥돔류,총마릿수[마리],마리,,,,,,,,,,,,,,,,13,,,,,,
부산,옥돔류,총중량[kg],kg,,,,,,,,,,,,,,,,2.5,,,,,,
부산,자리돔,총마릿수[마리],마리,,,,,2191,1207,,72,,,,,17,40,12,,3393,440,,,,
부산,자리돔,총중량[kg],kg,,,,,271.6,210,,3.6,,,,,0.4,1.2,0.5,,126.7,28.3,,,,
부산,참돔,총마릿수[마리],마리,6766,4517,512,1720,6947,5468,8539,10058,5634,5678,3843,2985,4157,3157,3859,1148,4415,4764,6075,5836,2833,3628
부산,참돔,총중량[kg],kg,5760,1973.9,353.3,1041.6,4301.9,4312.8,6733.8,7941.2,4322.4,4851.2,2822.5,2963.8,2396.1,2731,3863.8,868.2,3740.8,3717.2,5768.9,4609.4,2740,2793.8
부산,돌돔(줄돔),총마릿수[마리],마리,,,,,76,51,202,173,432,3761,5193,750,178,202,193,69,69,104,12,348,283,624
부산,돌돔(줄돔),총중량[kg],kg,,,,,1433.8,37.3,44.6,39.2,133.2,1325.1,1989.7,384.9,97.9,50.2,45.8,32.1,48.7,43,16.6,102.1,88.4,414.5
부산,기타돔류,총마릿수[마리],마리,154,37,697,1627,3964,8035,3831,3137,2153,3564,1957,1254,858,517,778,3653,10923,9590,3813,2554,1473,2077
부산,기타돔류,총중량[kg],kg,92.4,33.9,181.4,328.9,1448.7,3591.9,1260.5,1030.8,751.3,1607.2,479.1,486.7,206.5,116.2,197.6,797.4,2292.2,2280.1,892.4,626.1,300.9,630.1
부산,방어류,총마릿수[마리],마리,1687,36,3691,1623,1651,3772,5864,5199,3918,5709,5332,5500,4141,785,984,1698,2841,2445,2777,5100,4207,3896
부산,방어류,총중량[kg],kg,2467.9,66.9,9930.5,6032.9,3280,5748.8,10128.3,7765.6,6079.2,8594.8,8941.2,12568.2,7788.6,1458,1878.3,3400.2,4593.7,3908.1,4540.6,7380.5,7082.2,5745.5
부산,밴댕이류,총마릿수[마리],마리,,,,,,99,,,,,,,,,,,,,,,,
부산,밴댕이류,총중량[kg],kg,,,,,,19.8,,,,,,,,,,,,,,,,
부산,보구치,총마릿수[마리],마리,,,,,,,13,,,,,,,364,166,13,,196,135,5,,17
부산,보구치,총중량[kg],kg,,,,,,,2.7,,,,,,,186.5,100.8,2.5,,73.9,38,1,,12.2
부산,복어류,총마릿수[마리],마리,,,,,46,121,109,64,110,196,,,,,,,,,,,,
부산,복어류,총중량[kg],kg,,,,,4.6,13.1,10.1,42,76.3,252.3,,,,,,,,,,,,
부산,조피볼락(우럭),총마릿수[마리],마리,77,391,186,,129,59,22,21,,,,,97,68,2192,1706,725,244,48,777,9,9
부산,조피볼락(우럭),총중량[kg],kg,77.4,100.2,53.1,,69.4,44.6,8.1,21.2,,,,,51.7,49.7,391.6,515,127.5,39.1,9.1,126,1.9,4.3
부산,기타볼락류,총마릿수[마리],마리,39434,6240,54757,8914,3985,2325,657,677,249,675,908,6895,8448,45216,46602,21519,4151,4893,511,1067,1060,1207
부산,기타볼락류,총중량[kg],kg,9833,2881.1,8916.5,2119.6,1771.7,644.8,229.7,159.2,51.4,129.8,134.9,957.4,1693.5,8836.1,9685.3,4862,584.3,2152.1,57.8,162.3,158,363.1
부산,노래미류,총마릿수[마리],마리,136,110,471,272,638,534,141,117,289,759,1005,214,56,162,157,113,924,589,7,3,9,
부산,노래미류,총중량[kg],kg,16.9,24.6,87.8,66.1,269.7,353.7,15.8,12.4,70.5,151.6,169.3,42.8,8.7,22.4,37.4,17.5,78.5,54.1,2.4,2.9,1.9,
부산,삼치류,총마릿수[마리],마리,1340,641,79,16,9,,18,836,2960,2763,145,1675,1283,710,401,89,,,,52,1419,2328
부산,삼치류,총중량[kg],kg,3167,1495.6,176.7,32.1,32.5,,186.2,553.2,3636.4,4778.8,203,5919.9,4278,2491.2,880.5,37,,,,81.6,1269.9,4318.7
부산,성대류,총마릿수[마리],마리,455,147,302,242,305,685,171,,,35,39,111,,20,262,81,234,464,65,99,78,82
부산,성대류,총중량[kg],kg,58.8,31,68.4,40.6,92.6,164.6,26.3,,,5.8,14.1,31.2,,4.3,50.1,12.7,64.5,117.3,13.7,16.9,13.4,12.5
부산,숭어류,총마릿수[마리],마리,,68,,,,,,62,465,178,18,152,40,74,155,46,,5,,116,207,32
부산,숭어류,총중량[kg],kg,,63.5,,,,,,25.4,259.8,153.7,18.1,45.7,27.2,75.6,100.6,51,,7.6,,85.2,203.6,23.1
부산,아귀류,총마릿수[마리],마리,,,,,,,,,,,,,,3,,,,,,,,
부산,아귀류,총중량[kg],kg,,,,,,,,,,,,,,2.5,,,,,,,,
부산,양태류,총마릿수[마리],마리,,5,,,5,,,9,,13,4,,,,,,2,,2,2,,2
부산,양태류,총중량[kg],kg,,2.7,,,2.5,,,4.3,,15,7.2,,,,,,1.2,,4.7,4.7,,2.5
부산,붕장어,총마릿수[마리],마리,581,206,1109,751,699,518,26,290,18,,1504,4386,4453,3561,3219,234,1817,5,,237,2028,977
부산,붕장어,총중량[kg],kg,194.6,56.7,372.1,259.3,230,293.3,11.6,217.5,3.6,,358.8,1929.6,2138.5,1427.5,1443.3,60.4,994.3,2.7,,118.3,898.5,437.3
부산,전갱이류,총마릿수[마리],마리,5609,6393,15357,11002,18564,9163,5934,8186,17429,21165,16939,17843,6405,2585,3579,13520,9132,13933,6523,7606,12186,19049
부산,전갱이류,총중량[kg],kg,1025.1,1201.7,3004.6,1884.7,5346.9,2361.2,2629.8,3507.8,3687.5,4358.4,3965,3850.2,2079.2,597.6,579.2,2424.1,1837.4,2696.5,937.1,1624.3,2399.2,3107.7
부산,전어,총마릿수[마리],마리,,1783,,,,,,,,,,1486,2718,11848,3372,,,,,,,
부산,전어,총중량[kg],kg,,274.7,,,,,,,,,,148.6,271.8,1373.2,361.1,,,,,,,
부산,참조기,총마릿수[마리],마리,,,,,,,167,,,,,,,,,,,,,,,
부산,참조기,총중량[kg],kg,,,,,,,33.4,,,,,,,,,,,,,,,
부산,쥐치류,총마릿수[마리],마리,1499,82,35,,32,600,489,349,58,682,776,1918,296,263,30,10,7,821,12,24,15,280
부산,쥐치류,총중량[kg],kg,399.9,29.4,14.1,,9,225,119.5,118.6,15.2,279.6,333,726,140.6,58.9,4.6,1.8,3,476.8,7.1,7.1,6.8,101.3
부산,꼼치류,총마릿수[마리],마리,,5,,,,,,,,,,,,,,,,,,,,
부산,꼼치류,총중량[kg],kg,,4,,,,,,,,,,,,,,,,,,,,
부산,기타어류,총마릿수[마리],마리,1748,459,1291,610,373,558,2103,2894,477,606,714,1263,1246,340,5630,1338,6429,2141,2376,2175,1670,2513
부산,기타어류,총중량[kg],kg,415.4,54,126.1,76.3,49.3,63.6,175.9,226.9,76.4,75.1,73.1,187.7,187.5,124.6,1141.2,396.9,4173.9,657.2,983.6,633.7,736.5,1335.7
부산,갑오징어류,총마릿수[마리],마리,,,,,,,,198,1134,,,,,,,25,,,,,,
부산,갑오징어류,총중량[kg],kg,,,,,,,,112.8,390,,,,,,,12.7,,,,,,
부산,낙지류,총마릿수[마리],마리,,,,,,,,,,,,,,,19,,,,,,,
부산,낙지류,총중량[kg],kg,,,,,,,,,,,,,,,6.3,,,,,,,
부산,문어류,총마릿수[마리],마리,23,,,,,,431,565,1646,1736,766,133,9,158,1740,1047,526,,2521,1034,1753,3211
부산,문어류,총중량[kg],kg,38.7,,,,,,790.4,144,519.5,806.6,476,184,15,197.8,2507.9,1337.2,493.3,,1484.5,798.8,1093.7,2075.2
부산,살오징어,총마릿수[마리],마리,,46,,,,,,,,786,,,558,,3,,251,3183,510,81,289,480
부산,살오징어,총중량[kg],kg,,11.5,,,,,,,,311.3,,,83,,0.5,,171.6,697.2,103.7,33.6,159.3,185.5
부산,한치류,총마릿수[마리],마리,,,,,21920,143563,15687,7,,1418,1988,,,,,219,17785,151351,10954,1276,1746,
부산,한치류,총중량[kg],kg,,,,,6065.6,22921.4,5748.8,3.6,,174.5,298.7,,,,,31.2,3722.2,35385.1,1523.1,177.2,229.8,
부산,기타,총마릿수[마리],마리,,,,,,,,,,,,,,,,,,27,,,,
부산,기타,총중량[kg],kg,,,,,,,,,,,,,,,,,,5.4,,,,
인천,넙치류(광어),총마릿수[마리],마리,,,,1548,11640,2771,1902,3187,232,501,4516,627,,,177,4669,24496,6575,3779,5365,1214,1405
인천,넙치류(광어),총중량[kg],kg,,,,5527.9,39836.2,4586.6,3015.6,5166.4,250.7,516.3,4276.8,615.4,,,217.4,8401.2,50326.3,10496.3,4168.9,5596.4,2381.3,1877.7
인천,농어류,총마릿수[마리],마리,,,,48,540,4079,3642,3249,670,262,961,3,,,,4,371,3082,2341,2873,802,264
인천,농어류,총중량[kg],kg,,,,48,1489,5365,4895.9,5877.5,1026.4,455.1,937.6,3,,,,10.9,978.4,7794.9,5980.8,5889.4,1355,430.5
인천,대구,총마릿수[마리],마리,,,,,,,,,,,,,,,8,,,,,,,
인천,대구,총중량[kg],kg,,,,,,,,,,,,,,,16.9,,,,,,,
인천,감성돔,총마릿수[마리],마리,,,,,,,5,,,,,,,,,,,,,,9,5
인천,감성돔,총중량[kg],kg,,,,,,,5.9,,,,,,,,,,,,,,5.6,2.1
인천,참돔,총마릿수[마리],마리,,,,,818,6614,2133,429,194,,,,,,,17,4318,8037,1782,2195,37,
인천,참돔,총중량[kg],kg,,,,,2106.7,10415.3,3662,833.9,265.6,,,,,,,28.1,6682.3,10181.3,2057.3,3308.9,49.7,
인천,기타돔류,총마릿수[마리],마리,,,,,,,,,,,,,,,,,,,,6,,
인천,기타돔류,총중량[kg],kg,,,,,,,,,,,,,,,,,,,,4.4,,
인천,민어,총마릿수[마리],마리,,,,,,,,33,6,,,,,,,,,8,17,9,2,13
인천,민어,총중량[kg],kg,,,,,,,,249.6,18.8,,,,,,,,,30.2,142,22.7,8.9,13.5
인천,방어류,총마릿수[마리],마리,,,,,,,,,,,,,,,,,,3,20,,,
인천,방어류,총중량[kg],kg,,,,,,,,,,,,,,,,,,4.1,32.7,,,
인천,보구치,총마릿수[마리],마리,,,,,,893,1302,5122,,,,,,,,,,112,6847,10335,4,
인천,보구치,총중량[kg],kg,,,,,,452.1,693.7,3919.8,,,,,,,,,,29.3,2029.9,2593.2,1.8,
인천,복어류,총마릿수[마리],마리,,,,,,,,,,,,,,,,,,,,,6353,
인천,복어류,총중량[kg],kg,,,,,,,,,,,,,,,,,,,,,317.6,
인천,조피볼락(우럭),총마릿수[마리],마리,43,,2406,15759,16811,17309,7540,8479,4189,7518,7632,1834,7208,,3696,24920,28314,43865,18525,20212,2405,8015
인천,조피볼락(우럭),총중량[kg],kg,37.9,,1808.5,15360.9,16513.7,10440.9,3971.2,3828.8,1314.7,3911.8,3576,1110.8,5045.8,,3531.2,15253.1,23018,30564.6,10803.1,11898.3,1053.9,3854
인천,기타볼락류,총마릿수[마리],마리,,,166,791,1005,479,245,1250,148,,,,,,121,71,422,499,67,223,,
인천,기타볼락류,총중량[kg],kg,,,16.6,79.1,100.5,33.6,18.2,91,17.9,,,,,,16.9,17.8,133,112.4,20.6,112.8,,
인천,노래미류,총마릿수[마리],마리,,,1259,10248,8165,10930,4111,3786,267,1836,,104,475,,869,7157,10067,17585,3063,2567,68,155
인천,노래미류,총중량[kg],kg,,,716.6,8852.4,5776.3,5205.3,2268.1,1480,94.6,1019.8,,50.7,237.7,,452.3,2909.7,4388.8,7545.4,1414.1,1350.2,13.3,60.6
인천,부세,총마릿수[마리],마리,,,,,,,26,,,,,,,,,,,,,2,,
인천,부세,총중량[kg],kg,,,,,,,1.3,,,,,,,,,,,,,3.7,,
인천,삼치류,총마릿수[마리],마리,,,,,,,23,,,,,,,,,,3,,3,,,
인천,삼치류,총중량[kg],kg,,,,,,,23.1,,,,,,,,,,5.3,,8.5,,,
인천,서대류,총마릿수[마리],마리,,,,,,,,24,,,,,,,,,,,,,,
인천,서대류,총중량[kg],kg,,,,,,,,19.5,,,,,,,,,,,,,,
인천,성대류,총마릿수[마리],마리,,,,,,,,,,,,,,,,,,,3,,,
인천,성대류,총중량[kg],kg,,,,,,,,,,,,,,,,,,,0.9,,,
인천,삼세기,총마릿수[마리],마리,,,,,,,,,,,,,,,3,,,,,,,
인천,삼세기,총중량[kg],kg,,,,,,,,,,,,,,,0.8,,,,,,,
인천,숭어류,총마릿수[마리],마리,,,,,2853,620,1029,488,760,16,375,,,,2,387,403,942,417,985,1654,2406
인천,숭어류,총중량[kg],kg,,,,,1988,652.5,972.5,464.1,743,16.3,750.1,,,,0.4,463.9,495.2,844.2,292.1,860.5,1430.2,2566.5
인천,양태류,총마릿수[마리],마리,,,,84,126,286,994,246,47,345,,,,,,337,3050,758,478,369,80,151
인천,양태류,총중량[kg],kg,,,,260,83.9,154.5,551.5,128.6,31.3,206.1,,,,,,138.9,1812.5,457.2,142.2,141.5,36.9,75.2
인천,붕장어,총마릿수[마리],마리,,,,,,,,,6,98,1054,95,,,,,,5,9,5,,12
인천,붕장어,총중량[kg],kg,,,,,,,,,1.2,22.8,187.4,38.1,,,,,,2.7,3.7,2.4,,4.8
인천,기타조기류,총마릿수[마리],마리,,,,,,,,31,,,,,,,,,,5,121,53,2,
인천,기타조기류,총중량[kg],kg,,,,,,,,20.3,,,,,,,,,,2.1,44.4,26.7,1.8,
인천,홍어류,총마릿수[마리],마리,,,,,,,5,,,,,,,,,3,,3,,,,
인천,홍어류,총중량[kg],kg,,,,,,,1.3,,,,,,,,,0.6,,2.7,,,,
인천,기타어류,총마릿수[마리],마리,,,,,,,,,,,,,,,,,,5,,,,
인천,기타어류,총중량[kg],kg,,,,,,,,,,,,,,,,,,2.7,,,,
인천,기타갑각류,총마릿수[마리],마리,,,,,,,,,,,,,,,,,,,,,,3319
인천,기타갑각류,총중량[kg],kg,,,,,,,,,,,,,,,,,,,,,,1209.9
인천,갑오징어류,총마릿수[마리],마리,,,,,,183,946,,134467,412778,61764,,,,,,,1707,250,,329738,682106
인천,갑오징어류,총중량[kg],kg,,,,,,53.8,385.1,,28015,100585.9,15532.1,,,,,,,765.2,43.5,,52470.1,134672.8
인천,낙지류,총마릿수[마리],마리,,,,,,,,,,,220,,,,8,,,,,,,
인천,낙지류,총중량[kg],kg,,,,,,,,,,,40.6,,,,1.2,,,,,,,
인천,주꾸미,총마릿수[마리],마리,,,1132,9854,,,,,1811599,578229,154481,,,,918,2882,,,,,5369176,1611687
인천,주꾸미,총중량[kg],kg,,,327.1,1500.3,,,,,66494.4,37303.6,11757.4,,,,65.6,173.9,,,,,217018.8,81757.4
울산,가오리류,총마릿수[마리],마리,,,,,,,,,,,,1,,,,3,1,,,,,
울산,가오리류,총중량[kg],kg,,,,,,,,,,,,0.7,,,,0.8,0.4,,,,,
울산,가자미류,총마릿수[마리],마리,4,12,7,,5,,3,,,,12,,5,16,9,11,11,3,19,15,4,
울산,가자미류,총중량[kg],kg,2.5,9.7,6,,5.4,,1.3,,,,9.4,,2.5,2.9,4.5,2.4,3.8,0.3,2.6,2.4,0.5,
울산,갈치,총마릿수[마리],마리,,,,,,33,,,3009,5159,,,,,,,,,,,,
울산,갈치,총중량[kg],kg,,,,,,3.3,,,458.9,1281.2,,,,,,,,,,,,
울산,고등어,총마릿수[마리],마리,526,492,7,,7,667,1449,928,167,105,185,149,30,50,79,75,,472,152,349,11,
울산,고등어,총중량[kg],kg,134.2,125.4,1.7,,3.3,154.6,383.1,201.6,43.2,16.5,41.4,39.2,3,7.3,12.5,12.9,,78.2,35.5,123.9,2.7,
울산,꽁치,총마릿수[마리],마리,,,,,,,,,,,,,,,133,,,,,,,
울산,꽁치,총중량[kg],kg,,,,,,,,,,,,,,,6.7,,,,,,,
울산,학공치,총마릿수[마리],마리,,49,,,,,,,,,,566,1162,208,487,75,,,,,,
울산,학공치,총중량[kg],kg,,8.9,,,,,,,,,,87.4,128.4,30.2,65.3,10.5,,,,,,
울산,넙치류(광어),총마릿수[마리],마리,,,,,,3,13,2,,5,,,,,,,,15,,,,
울산,넙치류(광어),총중량[kg],kg,,,,,,10.5,22.6,4.2,,15,,,,,,,,24.8,,,,
울산,농어류,총마릿수[마리],마리,5,,3,,,10,148,22,3,17,40,18,,,11,27,44,137,221,100,12,1
울산,농어류,총중량[kg],kg,10.8,,3.3,,,22.4,189.3,54.8,8.3,35.8,71.2,33.3,,,18.7,62.5,59.7,355.5,729.7,279.2,28,1.2
울산,능성어,총마릿수[마리],마리,,,,,,,2,3,3,2,,,,,1,,,,,,,8
울산,능성어,총중량[kg],kg,,,,,,,3.4,1.3,3.5,1.7,,,,,1.3,,,,,,,5.5
울산,참다랑어,총마릿수[마리],마리,,,,,,,,,,3,,2,2,,,,,,,,,4
울산,참다랑어,총중량[kg],kg,,,,,,,,,,10,,2.5,5,,,,,,,,,4
울산,기타다랑어류,총마릿수[마리],마리,,,,,,,,,,,,,,,,,,,,,24,34
울산,기타다랑어류,총중량[kg],kg,,,,,,,,,,,,,,,,,,,,,62.1,30.1
울산,감성돔,총마릿수[마리],마리,103,36,113,,40,10,8,17,32,157,144,91,132,135,71,26,,,2,24,101,133
울산,감성돔,총중량[kg],kg,74.3,33.7,76,,21.7,12.8,12.5,13.5,36.5,106.4,159.1,98.9,184.8,118,95.1,29.9,,,2.7,29,87.4,147
울산,자리돔,총마릿수[마리],마리,,,,,,,2,,,,,,,,,,,,,,,
울산,자리돔,총중량[kg],kg,,,,,,,0.2,,,,,,,,,,,,,,,
울산,참돔,총마릿수[마리],마리,103,83,,,626,1372,600,243,691,516,262,248,26,17,85,249,741,1253,108,836,420,100
울산,참돔,총중량[kg],kg,129.4,115.9,,,554.9,986,882.9,237,362.4,376,347,191.2,30.8,33.8,88.6,269.3,554.1,975.2,104.1,601.2,202.2,132.2
울산,돌돔(줄돔),총마릿수[마리],마리,26,,,,11,30,15,29,188,1678,1151,5,,,,3,1,3,,,2,23
울산,돌돔(줄돔),총중량[kg],kg,17.5,,,,24.3,16.9,7.2,15.6,60.8,695.7,455.8,2.7,,,,3.1,1.3,1.1,,,2,16.9
울산,기타돔류,총마릿수[마리],마리,528,608,696,518,1367,3230,1421,1180,1541,1545,3038,2276,1469,245,1539,2609,4005,3839,768,1084,1521,2403
울산,기타돔류,총중량[kg],kg,129.3,253.2,314.5,164,664,985.6,557.4,374.7,383.5,453.4,1048.5,587.2,448.6,82,345.9,648.5,1004.6,1063.1,204,288.1,461.9,786.2
울산,방어류,총마릿수[마리],마리,142,40,,,,44,146,446,385,832,1486,228,12,,2,5,64,378,41,1019,771,1475
울산,방어류,총중량[kg],kg,383.4,181.1,,,,80.5,322.4,1010.9,666.6,2259.7,5032,686.6,30,,3.3,12,156.1,534.5,91.4,1517.9,1623.7,3334
울산,보구치,총마릿수[마리],마리,,,,,,,,,,,,,,,23,,,,,,,
울산,보구치,총중량[kg],kg,,,,,,,,,,,,,,,2,,,,,,,
울산,복어류,총마릿수[마리],마리,,,,,,2,,3,,2,20,,,,,,,,,,,
울산,복어류,총중량[kg],kg,,,,,,0.5,,1.7,,1.3,9.9,,,,,,,,,,,
울산,조피볼락(우럭),총마릿수[마리],마리,5,386,,,,,13,,8,,52,83,19,20,37,129,21,29,,19,,
울산,조피볼락(우럭),총중량[kg],kg,27,344.2,,,,,26.7,,5,,91.9,104.4,22.5,22.3,54,221.2,27.7,27.2,,21.7,,
울산,기타볼락류,총마릿수[마리],마리,22818,13599,,,273,299,68,16,50,11,448,7363,9980,5705,1966,923,663,423,372,613,170,114
울산,기타볼락류,총중량[kg],kg,5351.1,3316.9,,,101.9,105,51.4,5.1,12.2,3,116.8,1762.3,2221.2,1295.7,584.6,229.1,158.8,140.8,78.5,152.1,38.9,29.1
울산,노래미류,총마릿수[마리],마리,19,,3,,3,273,109,3,,,,4,52,7,,14,3,7,2,1,,
울산,노래미류,총중량[kg],kg,1.5,,3.3,,1.7,50.8,11.7,3.4,,,,1.4,4.6,2.6,,12,2.5,1.9,2.1,0.2,,
울산,삼치류,총마릿수[마리],마리,,,,,,,,142,35,403,48,50,28,,,,,,,118,663,364
울산,삼치류,총중량[kg],kg,,,,,,,,365.6,60,983.7,190,170.4,145,,,,,,,359.8,1890.9,1197.5
울산,성대류,총마릿수[마리],마리,11,11,17,,17,617,460,,,24,76,128,47,27,15,12,286,447,236,144,,4
울산,성대류,총중량[kg],kg,4.4,3.6,6.7,,3.3,110,129,,,5,22.1,23,15.3,6,4.1,3.9,85.6,136.6,68.9,41.1,,1
울산,숭어류,총마릿수[마리],마리,36,,10,,,,,50,5,27,17,10,,12,3,,,36,,,126,28
울산,숭어류,총중량[kg],kg,46.8,,13.3,,,,,36.7,4.2,26.7,11.7,8.3,,12.7,2.7,,,37.6,,,157,38.1
울산,아귀류,총마릿수[마리],마리,,,,,,,,,,,,,,,,,1,,,,,
울산,아귀류,총중량[kg],kg,,,,,,,,,,,,,,,,,0.4,,,,,
울산,양태류,총마릿수[마리],마리,,,,,,,,,,,,,,,,,7,,,,,
울산,양태류,총중량[kg],kg,,,,,,,,,,,,,,,,,4,,,,,
울산,붕장어,총마릿수[마리],마리,,,10,,,67,8,,14,6,,,70,,77,72,7,11,,,18,
울산,붕장어,총중량[kg],kg,,,1.7,,,24.2,4.2,,14.4,3,,,34.7,,30.4,56.3,4,6.5,,,4.3,
울산,전갱이류,총마릿수[마리],마리,1170,2200,23,,162,1214,1167,623,1846,1134,1341,611,401,721,2208,1783,1281,3615,739,895,555,647
울산,전갱이류,총중량[kg],kg,226,424.4,6.7,,45.9,209.8,411.7,170.2,276.1,252.5,444.6,177.9,115.3,182.9,334.5,203.6,235.5,762.9,166.2,257,145.3,155.3
울산,쥐치류,총마릿수[마리],마리,22,,,,,16,23,23,3,510,680,221,,,,,,65,,11,1,14
울산,쥐치류,총중량[kg],kg,14,,,,,4.2,8.2,4.2,1.7,169.8,339.5,32.1,,,,,,21.3,,3.4,0.1,6.9
울산,청어,총마릿수[마리],마리,,,,,,,,,,,,,,,,18,,,,,,
울산,청어,총중량[kg],kg,,,,,,,,,,,,,,,,2.8,,,,,,
울산,기타어류,총마릿수[마리],마리,,39,293,,,89,17,,200,675,104,230,316,224,156,114,443,77,48,213,139,245
울산,기타어류,총중량[kg],kg,,3.3,87.5,,,14,4,,15,85.1,10.8,25.7,26.2,19.7,34,11.6,68.2,21.3,5.3,20.6,12.1,26.3
울산,갑오징어류,총마릿수[마리],마리,,,,215,3207,13,,,,,,,,,,959,926,44,,,,
울산,갑오징어류,총중량[kg],kg,,,,85,1939,8.8,,,,,,,,,,387,379.2,20.1,,,,
울산,낙지류,총마릿수[마리],마리,,,,,,,,,,,,,,,,2,,,,,,
울산,낙지류,총중량[kg],kg,,,,,,,,,,,,,,,,0.2,,,,,,
울산,문어류,총마릿수[마리],마리,,,,,5,,,,,13,,3,,,,30,14,,1,,,27
울산,문어류,총중량[kg],kg,,,,,10,,,,,7.5,,1.4,,,,47.8,13.9,,0.9,,,11.6
울산,주꾸미,총마릿수[마리],마리,,,,,,,,,,,,,,,,7,14,,,,,
울산,주꾸미,총중량[kg],kg,,,,,,,,,,,,,,,,0.9,0.4,,,,,
울산,살오징어,총마릿수[마리],마리,,,,,,28,,253,1260,664,,,,,,,,,,21,628,2017
울산,살오징어,총중량[kg],kg,,,,,,10.8,,116.6,475,319.8,,,,,,,,,,11.6,233.3,821.4
울산,한치류,총마릿수[마리],마리,,,,10,,313,,452,44,64,,,,,,,7,,,,,
울산,한치류,총중량[kg],kg,,,,2.5,,90,,143.4,10.4,20.8,,,,,,,1.8,,,,,
경기,가자미류,총마릿수[마리],마리,,,3,,4,2,,,,,,,,,,1,1,1,,,,
경기,가자미류,총중량[kg],kg,,,8,,13.1,1.1,,,,,,,,,,0.5,0.4,0.4,,,,
경기,갈치,총마릿수[마리],마리,,,,,,,,1,,,,,,,,,,,1,1,,
경기,갈치,총중량[kg],kg,,,,,,,,0.6,,,,,,,,,,,0.5,1.3,,
경기,넙치류(광어),총마릿수[마리],마리,2,,93,1094,5433,2640,1090,750,70,122,170,160,,,1,1367,7565,2742,1125,1200,97,156
경기,넙치류(광어),총중량[kg],kg,1,,400.1,2844.8,17056.5,4562.4,1902.9,1316.3,67.3,92,134,271.8,,,1.2,3082,17208.4,5481.4,1522.5,1788.7,59.5,199.4
경기,농어류,총마릿수[마리],마리,,,,2,379,2271,777,709,496,609,14,,,,,3,686,2312,921,486,42,108
경기,농어류,총중량[kg],kg,,,,9.3,1836.1,11677.5,3041.3,1859.4,1270.7,1281.3,10.3,,,,,1.1,2486.9,8008.9,3038.1,1528.4,184.4,319.5
경기,감성돔,총마릿수[마리],마리,,,,,,,,,,,,,,,,,,,,29,,
경기,감성돔,총중량[kg],kg,,,,,,,,,,,,,,,,,,,,32.8,,
경기,참돔,총마릿수[마리],마리,,,,,120,197,142,21,,,,,,,,,79,511,98,117,1,1
경기,참돔,총중량[kg],kg,,,,,538.4,274.7,209.5,31.9,,,,,,,,,81.9,606.3,124.5,119.5,0.9,3.2
경기,돌돔(줄돔),총마릿수[마리],마리,,,,,,,,,,,3,,,,,,,,,,,
경기,돌돔(줄돔),총중량[kg],kg,,,,,,,,,,,0.6,,,,,,,,,,,
경기,기타돔류,총마릿수[마리],마리,,,,,,,,,,,,,,,,,,1,,,,1
경기,기타돔류,총중량[kg],kg,,,,,,,,,,,,,,,,,,1.8,,,,2.3
경기,민어,총마릿수[마리],마리,,,,,,,1,4,,,,,,,,,1,6,4,,1,1
경기,민어,총중량[kg],kg,,,,,,,3.7,4.2,,,,,,,,,3.8,41.1,12.7,,1.5,2.2
경기,보구치,총마릿수[마리],마리,,,,,,319,1861,1717,,,,,,,,,3,99,1213,14374,,
경기,보구치,총중량[kg],kg,,,,,,99.4,886.2,581.3,,,,,,,,,1.5,28.2,321.2,2663.3,,
경기,복어류,총마릿수[마리],마리,,,,,4,,,,,,,,,,,,,,,,,
경기,복어류,총중량[kg],kg,,,,,2.2,,,,,,,,,,,,,,,,,
경기,조피볼락(우럭),총마릿수[마리],마리,91,115,2421,6006,6846,5132,3407,2205,199,1439,2869,2316,2157,1921,3869,8699,8849,11060,7640,5151,127,729
경기,조피볼락(우럭),총중량[kg],kg,31.3,37.6,2208.3,5946.1,5707.8,2286.2,1913.9,1122.4,95.3,579.1,914.4,986.6,908.5,715.5,1266.5,3358.3,3386.4,5278,3503.6,2345.9,44.9,277.8
경기,기타볼락류,총마릿수[마리],마리,,,43,155,8,736,59,205,,,,120,,4,18,9,76,29,4,45,,
경기,기타볼락류,총중량[kg],kg,,,8.6,37.6,1.1,186.8,19,48.9,,,,29.3,,0.6,4,2.5,22.2,9.9,0.8,10.2,,
경기,노래미류,총마릿수[마리],마리,13,42,1253,5749,5362,3603,1339,234,39,51,25,60,730,105,639,5552,5283,4325,272,111,18,
경기,노래미류,총중량[kg],kg,8.2,14.4,1545.8,5913.3,3649,1603.8,688.3,107.7,17.1,18.7,11.7,22.9,298.6,38,200.6,1863.2,2037.4,1652.5,129.4,49.7,4.5,
경기,부세,총마릿수[마리],마리,,,,,,6,,,,,,,,,,,1,25,11,42,,
경기,부세,총중량[kg],kg,,,,,,6.4,,,,,,,,,,,2.6,29.1,12.5,50.2,,
경기,삼치류,총마릿수[마리],마리,,,,,,4,,,,,,,,,,1,1,2,6,1,,
경기,삼치류,총중량[kg],kg,,,,,,3.8,,,,,,,,,,2.5,1.3,11.1,5.6,2.6,,
경기,상어류,총마릿수[마리],마리,,,,,,,,,,1,,,,,,,,1,1,5,,3
경기,상어류,총중량[kg],kg,,,,,,,,,,2,,,,,,,,1.2,3.7,7.3,,3.2
경기,성대류,총마릿수[마리],마리,,,,,5,,1,,,,,,,,,1,,,6,,,
경기,성대류,총중량[kg],kg,,,,,5.1,,0.6,,,,,,,,,1.3,,,2.8,,,
경기,삼세기,총마릿수[마리],마리,,,,,,,,,,,,,1,,,5,5,,,,,
경기,삼세기,총중량[kg],kg,,,,,,,,,,,,,0.7,,,4.3,2.4,,,,,
경기,숭어류,총마릿수[마리],마리,,,38,,,,,,,,,3,,,,,,,,,,37
경기,숭어류,총중량[kg],kg,,,59.4,,,,,,,,,4.1,,,,,,,,,,14
경기,양태류,총마릿수[마리],마리,,,,86,87,187,108,44,,4,4,,,,,1,508,311,166,163,6,5
경기,양태류,총중량[kg],kg,,,,86,109.6,150.8,80,35.8,,1.4,2.3,,,,,1.3,243.2,114.3,52.1,79.6,1.7,1.3
경기,갯장어,총마릿수[마리],마리,,,,,,,,,,,,,,,,,,,1,,,
경기,갯장어,총중량[kg],kg,,,,,,,,,,,,,,,,,,,0.5,,,
경기,붕장어,총마릿수[마리],마리,,,,,3,11,9,10,,4,30,,,,,,9,16,16,44,,34
경기,붕장어,총중량[kg],kg,,,,,2.6,3.7,4.7,4.2,,4.7,12.3,,,,,,6.2,12.3,11.2,30.5,,15.9
경기,참조기,총마릿수[마리],마리,,,,,,,12,,,,,,,,,,,,,,,
경기,참조기,총중량[kg],kg,,,,,,,2.5,,,,,,,,,,,,,,,
경기,기타조기류,총마릿수[마리],마리,,,,,,,6,3,,,,,,,,,,1,14,4,,15
경기,기타조기류,총중량[kg],kg,,,,,,,5.6,3.2,,,,,,,,,,0.2,18.3,2.6,,15.3
경기,홍어류,총마릿수[마리],마리,,,,,,,,,,,1,,,,,,,,1,,,
경기,홍어류,총중량[kg],kg,,,,,,,,,,,0.3,,,,,,,,0.6,,,
경기,꽃게,총마릿수[마리],마리,,,,,,,,,64,8,7,,,,,,,,,,4,43
경기,꽃게,총중량[kg],kg,,,,,,,,,17.5,2.3,3.1,,,,,,,,,,1.2,13.8
경기,기타갑각류,총마릿수[마리],마리,,,,,,,,,,,,,,,,,,,,,13,
경기,기타갑각류,총중량[kg],kg,,,,,,,,,,,,,,,,,,,,,1.8,
경기,갑오징어류,총마릿수[마리],마리,,,,,,,22,,24400,83754,18098,,,,,,,646,,,48103,125225
경기,갑오징어류,총중량[kg],kg,,,,,,,31.9,,4427.4,17564.1,3736.4,,,,,,,270.2,,,8567.3,24894.6
경기,낙지류,총마릿수[마리],마리,,,,,,,,,157,250,3067,,,,,,,,,,12,1
경기,낙지류,총중량[kg],kg,,,,,,,,,41.2,47.7,365.6,,,,,,,,,,1.3,0.1
경기,주꾸미,총마릿수[마리],마리,,,,1145,,,,,931769,842659,227614,7074,,,428,75,1010,,,,2540648,1258475
경기,주꾸미,총중량[kg],kg,,,,112.3,,,,,31239.7,51227.5,14453.1,539.7,,,33.5,5,85.8,,,,102914.2,67690.2
경기,해삼,총마릿수[마리],마리,,,,,1,,,,,,,,,,,,,,,,,
경기,해삼,총중량[kg],kg,,,,,0.3,,,,,,,,,,,,,,,,,
강원,가자미류,총마릿수[마리],마리,304982,628437,106758,34029,17485,32629,38612,25309,29822,12976,6146,110252,105520,508205,70020,50491,52793,52623,46575,71427,34602,28349
강원,가자미류,총중량[kg],kg,78277,124213,27797.8,7582.6,4095.8,7922.2,10670.5,8193.9,5975.4,3781.1,1268.7,34281.6,30083.1,83265.8,25259,15017.4,9644.8,10951.4,9194.2,13185.2,7849.7,4631.7
강원,기름가자미,총마릿수[마리],마리,42,,,,,,,,,36,,,,,,,,17,,,,
강원,기름가자미,총중량[kg],kg,5.6,,,,,,,,,3.6,,,,,,,,5.2,,,,
강원,고등어,총마릿수[마리],마리,,,,,,,,73,,,,,,,,,,,6,42,94,163
강원,고등어,총중량[kg],kg,,,,,,,,43.2,,,,,,,,,,,2.9,20.8,26.2,35.9
강원,넙치류(광어),총마릿수[마리],마리,,4,,1180,542,353,101,18,7,4,260,36,7,,74,2414,956,75,225,114,,3
강원,넙치류(광어),총중량[kg],kg,,2.2,,2505.5,1154.7,454.4,201.9,73.1,5.2,14.3,151.6,42.6,14.7,,141.3,1378.2,572.2,40.8,1480.2,408.6,,3.4
강원,농어류,총마릿수[마리],마리,,,,,,,,,,,,,,,,27,17,,,,,
강원,농어류,총중량[kg],kg,,,,,,,,,,,,,,,,21.7,16.9,,,,,
강원,참다랑어,총마릿수[마리],마리,,,,,,,,,7,,,,,,,,,6,,,,
강원,참다랑어,총중량[kg],kg,,,,,,,,,3.5,,,,,,,,,14,,,,
강원,대구,총마릿수[마리],마리,3953,4171,7712,2003,1139,5791,2242,2990,7428,11348,10842,21487,9733,6500,8238,2090,872,2517,6826,13971,21734,17880
강원,대구,총중량[kg],kg,4871.1,5342.5,11669.5,1622.1,745.8,3472.9,1633.2,1921.1,6682.3,11715.6,12625.5,23177,10232.3,10263.8,9785.5,3520.1,641.1,2169.6,7410.1,18727.4,26285,44472.2
강원,감성돔,총마릿수[마리],마리,,,,,,,,,,,,,11,,,,,,,,,
강원,감성돔,총중량[kg],kg,,,,,,,,,,,,,4,,,,,,,,,
강원,방어류,총마릿수[마리],마리,,,,,,,,,80,808,225,,,,,,,66,,7,68,404
강원,방어류,총중량[kg],kg,,,,,,,,,110.8,1401.6,425.8,,,,,,,147.6,,28.2,129.2,354.6
강원,복어류,총마릿수[마리],마리,,,,,,,,,,2338,114,,,,,,,3,,,,27
강원,복어류,총중량[kg],kg,,,,,,,,,,1635.3,30.1,,,,,,,1.7,,,,37.3
강원,조피볼락(우럭),총마릿수[마리],마리,803,685,1523,826,207,899,776,341,496,172,143,314,522,130,301,809,2534,2768,1136,1079,1088,271
강원,조피볼락(우럭),총중량[kg],kg,759.9,555.9,1030.2,446.3,123.7,625.8,489.6,191.3,268,83.3,81.6,174.8,315.3,59.9,181.5,383.2,1475.3,1566,718,382.9,318.9,113.5
강원,기타볼락류,총마릿수[마리],마리,1933,734,,,,1208,741,641,1563,253,10,75,1661,1846,2071,140,1903,13861,1441,1837,774,342
강원,기타볼락류,총중량[kg],kg,677.2,453.4,,,,343.8,214.8,270.4,825.9,206.9,4.5,25.7,651,461.3,623.6,42.2,190.3,2672.6,1057.8,872.1,328.1,138.9
강원,노래미류,총마릿수[마리],마리,,15,,,,392,88,164,291,308,,21,7,14,,623,62,644,76,456,327,40
강원,노래미류,총중량[kg],kg,,152.3,,,,199.6,37.1,61.8,117.5,115.4,,8.9,3.7,3.5,,321,35,347.8,27,206.5,145.9,18.5
강원,삼치류,총마릿수[마리],마리,,,,,,,,,1542,7830,3,,,,,,,,,,860,4542
강원,삼치류,총중량[kg],kg,,,,,,,,,792.5,4614.7,10.4,,,,,,,,,,767.1,3109.7
강원,성대류,총마릿수[마리],마리,,,,,,,148,119,50,,25,,,,,,,,,,,
강원,성대류,총중량[kg],kg,,,,,,,53.6,71.5,9.1,,6.3,,,,,,,,,,,
강원,삼세기,총마릿수[마리],마리,,,,,,,,,,4,,,,,,,,138,70,3,,40
강원,삼세기,총중량[kg],kg,,,,,,,,,,2.1,,,,,,,,58.6,25.6,1.4,,18.2
강원,양태류,총마릿수[마리],마리,,,,,,,,,,,3,,,,,,39,,,,,
강원,양태류,총중량[kg],kg,,,,,,,,,,,1.7,,,,,,27.2,,,,,
강원,임연수어,총마릿수[마리],마리,546,400,98,,,202,,17,,64,,,,64,668,156,,,,,,15
강원,임연수어,총중량[kg],kg,136.6,143.8,32.5,,,101,,8.6,,25,,,,24.8,179.5,63.6,,,,,,7.7
강원,붕장어,총마릿수[마리],마리,,,,,,,,13,7,,,,,,,,,,,,,
강원,붕장어,총중량[kg],kg,,,,,,,,8.6,3.5,,,,,,,,,,,,,
강원,기타어류,총마릿수[마리],마리,378,344,6747,1390,1965,1184,846,414,543,360,175,282,360,309,217,2309,4986,12647,2792,2177,190,310
강원,기타어류,총중량[kg],kg,114.4,106,1387.4,306.1,577,208.2,198.3,122.9,147.6,132,74.9,109.2,42.3,80.5,56.3,492.9,1321.2,2472.7,937.5,665.6,101.1,70.7
강원,문어류,총마릿수[마리],마리,22,13,491,5859,5310,4131,3884,2197,2257,,25,27,696,873,3191,8690,5395,4432,4656,2308,82,
강원,문어류,총중량[kg],kg,29.8,269.1,549.3,12686.4,9894.8,6295,7000.9,4671.5,4262.7,,62.1,105.1,871,1360.9,4610.2,30173.7,9635,8706.6,8223.3,3949.4,226.8,
강원,살오징어,총마릿수[마리],마리,,,,,,,,95,410,1187,7,,,,,,,,,46,1694,5195
강원,살오징어,총중량[kg],kg,,,,,,,,44,140,367.2,1.7,,,,,,,,,16.6,692.8,2305.3
강원,기타,총마릿수[마리],마리,,,,,,154,,,,,,,,,,,,,,,,
강원,기타,총중량[kg],kg,,,,,,26.5,,,,,,,,,,,,,,,,
충남,가자미류,총마릿수[마리],마리,,6,,,,431,233,,,,20,,,19,,,28,18,,7,,7
충남,가자미류,총중량[kg],kg,,3.2,,,,641.9,145.5,,,,35.3,,,12.1,,,14,13.8,,7.8,,3.3
충남,갈치,총마릿수[마리],마리,,,,,,,,18,6,,,,,,,,,,,,,
충남,갈치,총중량[kg],kg,,,,,,,,11.9,6,,,,,,,,,,,,,
충남,넙치류(광어),총마릿수[마리],마리,19,25,972,29834,41135,26815,18975,23385,4352,11376,10819,2248,149,93,491,8189,22596,17689,8658,10676,2776,3672
충남,넙치류(광어),총중량[kg],kg,71.2,63,1530,41488.4,61120.4,46180.7,26444.7,34974.5,3662.1,12213.3,14178.7,3514,248.3,131.8,501.2,13043.5,43647,29204.8,15758.7,16558.4,3445.2,3770.1
충남,농어류,총마릿수[마리],마리,,6,,,1853,2121,957,4212,229,642,1772,109,,18,32,611,4443,3057,861,841,1135,1374
충남,농어류,총중량[kg],kg,,18.9,,,5102.6,3892,1881,6891.7,370.8,1038.7,3044.4,228.9,,32.3,55.3,728.4,9358.3,6551.5,2118.8,1506.2,1370.6,1711.5
충남,기타다랑어류,총마릿수[마리],마리,,,,,,,,,,,,,,,,,,,,5,,
충남,기타다랑어류,총중량[kg],kg,,,,,,,,,,,,,,,,,,,,25.1,,
충남,대구,총마릿수[마리],마리,,202,,,,65,1885,4125,2309,727,,57,698,14,83,32,51,18,59,1190,5,
충남,대구,총중량[kg],kg,,883.4,,,,32.5,6900.5,15729.8,8639,2816,,211.7,1871,50.7,189.1,73.5,158.2,50.5,152.1,3664,13.6,
충남,감성돔,총마릿수[마리],마리,,,,,,176,136,,,,,,,,,,5,,,55,206,431
충남,감성돔,총중량[kg],kg,,,,,,370.8,197.2,,,,,,,,,,14,,,40.2,170.7,354.6
충남,참돔,총마릿수[마리],마리,,,68,996,7328,8190,1750,7501,2068,96,362,,,,,41,8731,10592,4478,13931,90,5723
충남,참돔,총중량[kg],kg,,,60.7,2120,12714.6,15776.5,3746,14254.7,5202.7,123.1,361.7,,,,,87.1,17476.1,12343,6050.5,12248.5,151.5,3425.4
충남,기타돔류,총마릿수[마리],마리,,,,,,,25,,,,,,,,,,,5,50,222,78,
충남,기타돔류,총중량[kg],kg,,,,,,,30.8,,,,,,,,,,,9.2,55.2,307.2,65.4,
충남,민어,총마릿수[마리],마리,,,,,,13,49,6,,,,,,,,,,,,,,
충남,민어,총중량[kg],kg,,,,,,45.5,80.1,11.9,,,,,,,,,,,,,,
충남,방어류,총마릿수[마리],마리,,,,,,7,234,131,193,258,,,,,,,,15,257,422,163,59
충남,방어류,총중량[kg],kg,,,,,,32.5,927.3,415.5,633,756.5,,,,,,,,50.9,881.5,1516.2,384.5,150.6
충남,보구치,총마릿수[마리],마리,,,,1086,1838,137684,770416,1146580,102,120,,,,,,,,205754,283576,506615,,
충남,보구치,총중량[kg],kg,,,,546.7,918.8,40394.6,205538.9,305008.1,24.1,36,,,,,,,,43905.4,54936.4,87495.9,,
충남,복어류,총마릿수[마리],마리,,,,,,,,12,12,,,,,,,,,,,,33569,
충남,복어류,총중량[kg],kg,,,,,,,,8.9,18.1,,,,,,,,,,,,1000,
충남,조피볼락(우럭),총마릿수[마리],마리,21108,51931,51402,87981,123387,116838,48638,49202,37686,53697,123260,103208,63312,43537,56214,127642,175963,118743,36238,42044,31345,39531
충남,조피볼락(우럭),총중량[kg],kg,11663.4,55409.5,27746.8,53225.3,79302.2,56007.1,25085.7,23657.3,15158.5,21072.1,52389.4,52839.4,30518,22876.4,24362.8,56497.7,81963.7,53947.9,16014.2,19191.8,11661.9,15609.4
충남,기타볼락류,총마릿수[마리],마리,194,,,46,68,440,60,,220,90,60,2247,143,1098,374,154,464,590,331,4079,701,2501
충남,기타볼락류,총중량[kg],kg,38.8,,,15.2,24.3,122.3,17.9,,29.3,48,18.1,646.1,45.8,329.3,168.3,79.4,130.1,191.8,104.4,924.4,244.3,1008.7
충남,노래미류,총마릿수[마리],마리,369,1934,2771,15180,13675,20014,17470,12235,8605,9044,1270,3943,4314,3787,11290,25177,43910,37324,6460,7829,3854,2069
충남,노래미류,총중량[kg],kg,181.1,1107.1,1614.3,8496.6,7566.3,7884,5737.1,4276.2,2753.9,2624.1,484.1,2702.9,2579.7,2049.2,5492.4,11275.8,18365.9,15164.3,2659.3,3722.9,1669.2,766.1
충남,부세,총마릿수[마리],마리,,,,,15,,992,5233,,,,,,,,,116,748,481,196,,
충남,부세,총중량[kg],kg,,,,,15.2,,801,4714.1,,,,,,,,,55.8,295.8,171.1,65.4,,
충남,삼치류,총마릿수[마리],마리,,,,,,117,12,6,,6,20,,,,,,,621,5,209,14,
충남,삼치류,총중량[kg],kg,,,,,,474.9,37,5.9,,18,45.4,,,,,,,1453.1,20.1,547.8,45.2,
충남,성대류,총마릿수[마리],마리,,,,,,,,,,6,,,,,,,,46,,18,,
충남,성대류,총중량[kg],kg,,,,,,,,,,6,,,,,,,,14.2,,9.7,,
충남,삼세기,총마릿수[마리],마리,,,38,68,,,,,,,,,,,,6,33,,,,,
충남,삼세기,총중량[kg],kg,,,12.1,22.8,,,,,,,,,,,,3.2,10.2,,,,,
충남,숭어류,총마릿수[마리],마리,,,,,,171,,,,,,,,,,,,,,,,
충남,숭어류,총중량[kg],kg,,,,,,521.8,,,,,,,,,,,,,,,,
충남,아귀류,총마릿수[마리],마리,,,,,,,,,,,,,,5,,,,,,,,
충남,아귀류,총중량[kg],kg,,,,,,,,,,,,,,6.9,,,,,,,,
충남,양태류,총마릿수[마리],마리,,,,,,34,37,512,42,,10,,,,,,37,34,139,101,,
충남,양태류,총중량[kg],kg,,,,,,36.1,37,192.4,30.1,,7.1,,,,,,27.3,15.6,89.4,97.4,,
충남,붕장어,총마릿수[마리],마리,,,,,,23,,,156,,10,,,,,,6,23,,,,
충남,붕장어,총중량[kg],kg,,,,,,15.7,,,145.3,,5,,,,,,1.9,9.4,,,,
충남,기타조기류,총마릿수[마리],마리,,,,,,2147,2076,,,,,,,,,,,1034,8342,17886,,
충남,기타조기류,총중량[kg],kg,,,,,,1333.7,207.6,,,,,,,,,,,366.1,2397.6,5520.4,,
충남,쥐치류,총마릿수[마리],마리,,,,,,,,,,,,,,,,,,5,,,,
충남,쥐치류,총중량[kg],kg,,,,,,,,,,,,,,,,,,2.8,,,,
충남,기타어류,총마릿수[마리],마리,,,,,,,,119,,,,,,,,5,,228,41,163,,
충남,기타어류,총중량[kg],kg,,,,,,,,11.9,,,,,,,,1,,70.9,18.2,73.1,,
충남,꽃게,총마릿수[마리],마리,,,,,,,,,6,,,,,,,,,,,,69,110
충남,꽃게,총중량[kg],kg,,,,,,,,,2.4,,,,,,,,,,,,19.2,39.5
충남,민꽃게,총마릿수[마리],마리,,,,,,7,,,,,,,,,,,,,,,7,
충남,민꽃게,총중량[kg],kg,,,,,,3.3,,,,,,,,,,,,,,,1.3,
충남,기타갑각류,총마릿수[마리],마리,,,,,,,,,,,,,,,,,,,,,2072,
충남,기타갑각류,총중량[kg],kg,,,,,,,,,,,,,,,,,,,,,343.8,
충남,갑오징어류,총마릿수[마리],마리,,,,,23,1599,6,4642,1444753,1409358,287345,64,,,,,10738,9758,,1355,1232083,2621300
충남,갑오징어류,총중량[kg],kg,,,,,7.6,752,6.2,987.7,240039.3,315651.3,70334.7,14.2,,,,,7830.5,4667.3,,492,247411,742781
충남,낙지류,총마릿수[마리],마리,,,,,,,,,,,,,,,,,9,5,,,,114
충남,낙지류,총중량[kg],kg,,,,,,,,,,,,,,,,,2.3,1.4,,,,41.5
충남,문어류,총마릿수[마리],마리,,,,,,,,,,6,,,,,,,,,2061,119696,63123,91414
충남,문어류,총중량[kg],kg,,,,,,,,,,4.2,,,,,,,,,768.8,50646.1,35931,74215.8
충남,주꾸미,총마릿수[마리],마리,,,2779,28559,1974,,,12454,22541545,10827302,1483956,11099,,,15397,91461,7915,,,,10707847,5660794
충남,주꾸미,총중량[kg],kg,,,366,4468,227.8,,,394.4,678385,379218.6,69477,538.6,,,1209,7472.4,379.7,,,,338382.4,241048
충남,살오징어,총마릿수[마리],마리,,,,,,,,,,,,,,,,,,,,10,,
충남,살오징어,총중량[kg],kg,,,,,,,,,,,,,,,,,,,,2.5,,
충남,해삼,총마릿수[마리],마리,,,,10,,,,,,,,,,,,,,,,,,
충남,해삼,총중량[kg],kg,,,,2,,,,,,,,,,,,,,,,,,
전북,가오리류,총마릿수[마리],마리,,,,,,,,,4,,,,,,,,,,,25,,
전북,가오리류,총중량[kg],kg,,,,,,,,,4.9,,,,,,,,,,,13,,
전북,갈치,총마릿수[마리],마리,,,,,,,,25,,4778,7,,,,,,,,,7082,2,450
전북,갈치,총중량[kg],kg,,,,,,,,5,,456.4,0.7,,,,,,,,,4703.6,0.6,101.9
전북,고등어,총마릿수[마리],마리,,,,,,,,12856,,,,,,,,,,,12533,62383,,
전북,고등어,총중량[kg],kg,,,,,,,,178.5,,,,,,,,,,,3326.7,38552.2,,
전북,넙치류(광어),총마릿수[마리],마리,398,,127,533,2783,6351,10084,10499,2885,2914,2102,1096,,,362,3274,2792,5477,203,2399,2587,726
전북,넙치류(광어),총중량[kg],kg,0,,88.7,373.1,1950.4,6507,10192.6,10459.4,3008.2,2910.3,2317.8,1434.9,,,362.2,3279,3066,6466.3,118.6,2041.8,4917.6,433.6
전북,농어류,총마릿수[마리],마리,,,,,2722,3548,2748,2545,239,371,791,,,,,208,4505,3127,30,87,14,368
전북,농어류,총중량[kg],kg,,,,,1361,3546.7,2461.9,2047.3,242.2,294.4,1035.5,,,,,208.2,6869.9,6467.5,40.2,72.8,12,255.8
전북,능성어,총마릿수[마리],마리,,,,,,,,,,,4,,,,,,,,,,,
전북,능성어,총중량[kg],kg,,,,,,,,,,,3.1,,,,,,,,,,,
전북,대구,총마릿수[마리],마리,,,,,,,,,,,,,,2,,,,,,,,
전북,대구,총중량[kg],kg,,,,,,,,,,,,,,4.1,,,,,,,,
전북,감성돔,총마릿수[마리],마리,,,,162,180,2001,435,1758,1985,2360,1054,332,,,,515,,1268,21,244,961,8051
전북,감성돔,총중량[kg],kg,,,,48.7,53.9,2521.3,511.9,2072.5,1877.3,2571.8,1158.2,443.2,,,,308.9,,1089.7,15,149.1,634,2368.1
전북,참돔,총마릿수[마리],마리,,,,118,1765,793,2535,3083,3610,1826,733,,,,,4416,7329,3627,740,4022,610,85
전북,참돔,총중량[kg],kg,,,,35.4,530.3,636,2029.4,2638.2,6483.8,1826.2,848.5,,,,,3344.3,7178.6,3710.8,623,3160.7,408.5,54.1
전북,돌돔(줄돔),총마릿수[마리],마리,,,,,,,478,,,,,,,,,,,166,68,163,,
전북,돌돔(줄돔),총중량[kg],kg,,,,,,,726.1,,,,,,,,,,,137.4,67.7,226.5,,
전북,기타돔류,총마릿수[마리],마리,,,,,,,,,216,,,,,,,,,70,,,1,
전북,기타돔류,총중량[kg],kg,,,,,,,,,173.1,,,,,,,,,69,,,0.8,
전북,민어,총마릿수[마리],마리,,,,,,1747,2314,5650,685,3331,,,,,,,,1009,289,139,132,818
전북,민어,총중량[kg],kg,,,,,,1783.6,2312.3,6683.5,950.4,5913,,,,,,,,3202.6,936.6,121.2,263.3,2248
전북,방어류,총마릿수[마리],마리,,,,,,,4,,,,,,,,23,228,,,,,,
전북,방어류,총중량[kg],kg,,,,,,,7.1,,,,,,,,68.7,455.2,,,,,,
전북,보구치,총마릿수[마리],마리,,,,,,193,21,144132,3546,231,19,,,,,,,25,82,182,192,12
전북,보구치,총중량[kg],kg,,,,,,77.1,4.3,28934.8,738,71.8,3.9,,,,,,,5.1,30.4,66.2,54.3,2.7
전북,조피볼락(우럭),총마릿수[마리],마리,995,783,9686,31958,43523,40356,11556,17174,12556,29689,36144,34607,17393,7228,7267,31114,33713,20854,2285,2851,2019,7372
전북,조피볼락(우럭),총중량[kg],kg,2494.7,802.8,2905.9,9588.3,13060.5,15651.7,3769.8,6264.8,3783.2,8869.3,14686.4,21140.9,14250.7,5559.1,3799.5,18372.8,19842.8,10282.9,907.5,1068.4,751.4,2500.7
전북,기타볼락류,총마릿수[마리],마리,0,0,,,,,11,,,,174,4677,,1804,,,,,,,,
전북,기타볼락류,총중량[kg],kg,132.7,265.4,,,,,1.8,,,,48.2,1365,,1250.5,,,,,,,,
전북,노래미류,총마릿수[마리],마리,,27,4052,38727,50845,21434,8337,6830,19388,13821,,,151,2269,2762,20561,22737,24882,1856,1046,429,266
전북,노래미류,총중량[kg],kg,,0,1215.6,11618.5,15247.9,6630.5,2890.7,2135.9,5835.5,4627.3,,,94.5,1489,845.1,9403.9,8489.9,8022.7,558.4,394.8,133.1,90.8
전북,부세,총마릿수[마리],마리,,,,,,,,4114,145,,,,,,,,,,60,30,85,179
전북,부세,총중량[kg],kg,,,,,,,,822.8,63.2,,,,,,,,,,17.9,9.9,23.8,43.6
전북,삼치류,총마릿수[마리],마리,,,,,,4,7,,,,,,,,,,,2,281,14648,,42
전북,삼치류,총중량[kg],kg,,,,,,7.3,1.8,,,,,,,,,,,2.1,281.4,14255,,17
전북,삼세기,총마릿수[마리],마리,,,,,,,,,,,7,,,,,,,,,,,
전북,삼세기,총중량[kg],kg,,,,,,,,,,,2.2,,,,,,,,,,,
전북,숭어류,총마릿수[마리],마리,,,,,,,,,170,126,30,22,,,,,,,,,2,
전북,숭어류,총중량[kg],kg,,,,,,,,,347.1,288.1,73.9,44.3,,,,,,,,,4,
전북,양태류,총마릿수[마리],마리,,,,,,4,,860,216,442,23,,,,,,,45,28,82,234,163
전북,양태류,총중량[kg],kg,,,,,,7.8,,138.2,77.8,107.8,8.1,,,,,,,15.1,14,31.9,108.4,45.1
전북,붕장어,총마릿수[마리],마리,,,,,,,,14,110,311,41,,,,,,4,,,4,90,165
전북,붕장어,총중량[kg],kg,,,,,,,,1.4,43.9,124.3,20.7,,,,,,2,,,3.3,30,59.9
전북,기타조기류,총마릿수[마리],마리,,,,,1245,920,22514,4323,7290,465,,,,,,74,898,8044,640,281,81,8
전북,기타조기류,총중량[kg],kg,,,,,622.5,364.2,9005.7,1726.9,2916.8,261.5,,,,,,18.4,224.8,2458.1,240.9,91.5,32.4,2.5
전북,기타어류,총마릿수[마리],마리,,,,,,,,11,,,,,,,,,,,,,,
전북,기타어류,총중량[kg],kg,,,,,,,,2.5,,,,,,,,,,,,,,
전북,꽃게,총마릿수[마리],마리,,,,,,,,179,,,,,,,,,,,,,,
전북,꽃게,총중량[kg],kg,,,,,,,,53.6,,,,,,,,,,,,,,
전북,갑오징어류,총마릿수[마리],마리,,,,,568,13404,4124,839,12129,575612,61420,,,,,3120,16403,23715,,95,26531,425032
전북,갑오징어류,총중량[kg],kg,,,,,283.9,4843.6,1443.7,293.7,4245.2,167413.8,21010.2,,,,,2184.7,10819.1,15651,,30.5,11444.3,150895.5
전북,낙지류,총마릿수[마리],마리,,,,,,,,,,,,,,,42,,,,,,,
전북,낙지류,총중량[kg],kg,,,,,,,,,,,,,,,6.1,,,,,,,
전북,문어류,총마릿수[마리],마리,,,,,,,36,7624,11697,16981,4798,197,,,,,,,162869,156100,119375,162461
전북,문어류,총중량[kg],kg,,,,,,,10.7,2349.7,6935.8,20280.3,4709,118,,,,,,,53895.7,61319.2,85198.2,131205.1
전북,주꾸미,총마릿수[마리],마리,,,,1092,,,,15677,5200782,1589756,198636,38075,,207,10310,82904,,,,,1343711,244693
전북,주꾸미,총중량[kg],kg,,,,163.8,,,,940.6,168851.1,60664.3,9181.3,3046,,22.8,1146.1,6411.6,,,,,50335.3,11479.9
전북,살오징어,총마릿수[마리],마리,,,,,,291,55493,,,,,,,,,,,,,,,
전북,살오징어,총중량[kg],kg,,,,,,116.4,12933.4,,,,,,,,,,,,,,,
전남,가오리류,총마릿수[마리],마리,,16,6,,,,,,,35,,7,,393,125,,33,20,11,54,23,11
전남,가오리류,총중량[kg],kg,,16.2,6.4,,,,,,,55.2,,13.3,,366,116,,90,43.7,18.6,155.9,33.4,5.5
전남,가자미류,총마릿수[마리],마리,109,5165,17840,17616,2088,501,76,,,40,81,93,20,7995,10051,6725,888,27,11,10,5,
전남,가자미류,총중량[kg],kg,62.8,3011.1,15306.5,13705.1,1305.5,386.4,64.8,,,16.7,41.6,58.7,20,3374.4,4466,2235.3,304.8,9.9,5.3,5.2,4.1,
전남,갈치,총마릿수[마리],마리,,,,,42163,442157,23624,1559916,1884482,1618573,761746,111575,3810,,,,18973,190815,,1474714,816432,586365
전남,갈치,총중량[kg],kg,,,,,15729.8,141189.4,6477.6,522480.6,778903.5,656197.7,292561.3,45301.2,1905.2,,,,4406.5,55607.9,,466802.9,267579.8,186663.9
전남,고등어,총마릿수[마리],마리,,,,,,,328,3552,2198,,,,,20,,,,216,460,4902,1078,860
전남,고등어,총중량[kg],kg,,,,,,,152.4,2132.7,1338.1,,,,,6.6,,,,43.3,57.5,1628.6,420.6,227.3
전남,학공치,총마릿수[마리],마리,2082,2314,,,,,,,,200,,667,,,,,,,,,,647
전남,학공치,총중량[kg],kg,5.9,6.5,,,,,,,,26.7,,40,,,,,,,,,,49.1
전남,넙치류(광어),총마릿수[마리],마리,,,2621,500,1452,35,48,34,44,61,220,53,63,28,29,58,54,199,4,59,21,7
전남,넙치류(광어),총중량[kg],kg,,,4721.6,854.9,2518.1,80.8,29.8,13.4,40.7,89.5,388.2,93.4,128.1,67.5,87,119.8,132.2,190.3,7.5,61.5,16,21.9
전남,농어류,총마릿수[마리],마리,70,5,3331,7968,8516,14147,5158,3552,4894,3797,1736,589,682,75,141,2207,8102,20350,11621,2345,2201,1925
전남,농어류,총중량[kg],kg,70.1,5.4,6263.3,14260.4,13250.8,19375.7,8135,4678.7,5197.5,3397.4,1822.3,561.3,1088.6,78.2,156.1,3514.3,12901.4,38693.7,16816.7,3497.4,2484.4,2300.8
전남,능성어,총마릿수[마리],마리,,,,,538,,,143,13,,,,,,13,269,5,264,16,31,238,60
전남,능성어,총중량[kg],kg,,,,,417.9,,,249.6,12.1,,,,,,22.3,346.8,8,161.6,15.9,19.7,126.3,48.7
전남,참다랑어,총마릿수[마리],마리,,,,,,,,,,,7,7,,,,,,,,6,139,
전남,참다랑어,총중량[kg],kg,,,,,,,,,,,7.5,3.6,,,,,,,,4.1,416.8,
전남,기타다랑어류,총마릿수[마리],마리,,,,,,,,,,,,,,,,,,13,,,,47
전남,기타다랑어류,총중량[kg],kg,,,,,,,,,,,,,,,,,,19.7,,,,94.7
전남,감성돔,총마릿수[마리],마리,9167,4583,13886,13239,1041,9141,3054,11758,36577,52197,30758,27401,19327,16262,17654,37751,,9723,3414,10007,44113,81278
전남,감성돔,총중량[kg],kg,8687.6,4749.9,14191.8,13874.5,1366.8,8721.8,2221.2,6759.3,19774.1,22641.8,16164.8,25635.1,26231.4,18882.5,19153.1,37548.8,,6479.6,1969,5559.6,20066.5,40045.9
전남,옥돔류,총마릿수[마리],마리,,,,,,,,,,,,7,69,,,,19,,,,,
전남,옥돔류,총중량[kg],kg,,,,,,,,,,,,2.2,27.4,,,,12.9,,,,,
전남,참돔,총마릿수[마리],마리,21554,19603,8795,4115,6600,10231,3536,7960,7210,20201,25321,24663,21565,15195,23899,9538,2702,3404,4279,7951,14186,17063
전남,참돔,총중량[kg],kg,17791.6,18528.9,8173,4303.3,5997.2,8357.5,1660.9,4680.4,5285.5,10573.5,16579.6,20711.6,25401.4,8514.5,23455.7,9300.8,2507.6,2240,3391.4,5219.5,11971.6,15238.6
전남,돌돔(줄돔),총마릿수[마리],마리,429,216,203,838,1336,536,1714,2476,3231,2335,1328,1300,360,3954,5324,3532,1291,2472,5399,4271,6111,7464
전남,돌돔(줄돔),총중량[kg],kg,373.1,124,305.5,635,1222.6,288.1,1545.3,1543,2037.2,1238.2,572.8,821.7,554.7,2427.2,3912.5,2428.2,1342.4,1800.4,5067.2,4297.9,4048.6,4901.1
전남,기타돔류,총마릿수[마리],마리,,,,,2225,11273,6034,6056,8902,3142,406,87,,1991,17141,22769,84473,98009,25645,69937,48908,35801
전남,기타돔류,총중량[kg],kg,,,,,900.8,12422.3,5115.4,4859.5,6352.4,1800.7,249.7,57,,1320.9,5291.7,10649.5,44792.2,48803.2,14763.6,32766.2,23868.7,16015.5
전남,민어,총마릿수[마리],마리,,,26,281,1498,3628,5692,4746,2573,998,79,,,,9,,417,5140,3757,1807,17,82
전남,민어,총중량[kg],kg,,,63.8,541.9,3082.9,7175.4,8722.9,6412.8,3511.3,907.9,88.9,,,,12.9,,1731.6,11254.6,11626.6,4708.6,39.6,86.5
전남,방어류,총마릿수[마리],마리,2407,616,116,96,34,380,198,,106,951,2826,10272,1523,2164,1412,1088,13,1363,97,355,3042,3800
전남,방어류,총중량[kg],kg,4879.4,780.2,327.7,163.8,54.6,685.4,609.7,,98,2705.5,10374.2,60473.4,6713.4,8972.4,2265.6,2296.3,13.8,4371.8,590,1355.6,14554.1,7046.9
전남,병어류,총마릿수[마리],마리,,,,,,708,152,,,,,,,,,,,,,,,
전남,병어류,총중량[kg],kg,,,,,,402.2,53.3,,,,,,,,,,,,,,,
전남,보구치,총마릿수[마리],마리,,,,,10925,17177,260,20,1510,1294,,,,,,377,15866,37878,11169,26,419,22
전남,보구치,총중량[kg],kg,,,,,4622.8,7319.9,82.8,3.4,287.2,304.8,,,,,,99.3,8039.1,9635.6,4204.9,5.2,81.1,4.4
전남,복어류,총마릿수[마리],마리,9,,51,216,394,,,,,27,195,94,,,,13,,,,,,
전남,복어류,총중량[kg],kg,0.9,,6.4,25,64.6,,,,,8.2,51.7,24.6,,,,2.9,,,,,,
전남,조피볼락(우럭),총마릿수[마리],마리,28307,38073,16770,15958,14779,1538,3877,694,13224,14553,2355,773,973,59,339,2534,13516,30694,4838,1049,1643,5172
전남,조피볼락(우럭),총중량[kg],kg,16987.4,22768.6,10716.9,7917.6,6784.1,1777,2185.3,228.6,4536.4,4586.8,1352.2,356.3,397.7,29.5,156.3,1682.3,11406.8,14686.8,3533.2,341.1,1631.6,2444.7
전남,기타볼락류,총마릿수[마리],마리,26526,30255,66271,41475,43530,60923,2672,1037,5206,3505,1397,14044,124178,80802,193116,123042,89653,33258,12250,2008,2136,1948
전남,기타볼락류,총중량[kg],kg,7536.6,6068.3,9982.6,6910.8,11047.7,17108,730.3,337.5,1818.4,1182.9,451.1,3636.4,34122.5,19737.1,51148,33286,25839.1,8764.1,4436.8,489.1,586.5,389.6
전남,노래미류,총마릿수[마리],마리,,47,133,14,17,15,,214,268,200,219,,,,109,32,27,55,53,41,,88
전남,노래미류,총중량[kg],kg,,65.3,54.7,2.7,11.1,4.5,,60.3,144.3,86.7,78.6,,,,55.9,12.2,13.3,22,37.2,25.9,,32.8
전남,부세,총마릿수[마리],마리,,,,,51,,,1119,1235,434,27,7,,,,,160,2077,,62,259,
전남,부세,총중량[kg],kg,,,,,30.6,,,522.7,1093.7,620.4,26.8,6.7,,,,,48,1044.2,,33.6,258.9,
전남,삼치류,총마릿수[마리],마리,1791,3211,,,,,,,375,40,27,,,,,,,,,6172,2689,165
전남,삼치류,총중량[kg],kg,1259.2,1102.6,,,,,,,614.4,40.3,46.4,,,,,,,,,6177.8,3989.4,119.6
전남,상어류,총마릿수[마리],마리,,,26,,,21,27,,,,,,,,,,,,,,26,
전남,상어류,총중량[kg],kg,,,25.5,,,21.2,8,,,,,,,,,,,,,,25.9,
전남,성대류,총마릿수[마리],마리,,,,,56,,,,,,13,7,,,,,,,,,,
전남,성대류,총중량[kg],kg,,,,,28,,,,,,1.3,2.9,,,,,,,,,,
전남,숭어류,총마릿수[마리],마리,,,880,5,37,63,115,435,2073,1412,458,167,,,,,96,643,27,215,615,635
전남,숭어류,총중량[kg],kg,,,1498.3,4.7,29.9,52.6,92.3,389,1313.8,1440.4,400.3,83.4,,,,,66.1,351.7,21.3,181.3,440.4,473.2
전남,아귀류,총마릿수[마리],마리,5,,,,,,,,,,,,,,,,,,,,,
전남,아귀류,총중량[kg],kg,5.4,,,,,,,,,,,,,,,,,,,,,
전남,양태류,총마릿수[마리],마리,,,6,13,,36,,7,13,60,7,,,,,18,,11,,51,,
전남,양태류,총중량[kg],kg,,,3.2,6.4,,16.6,,10.1,26.8,28,3.4,,,,,9.2,,5.5,,21.9,,
전남,갯장어,총마릿수[마리],마리,,,,,14,,,108,101,93,,53,47,,12,92,,176,30,,217,15
전남,갯장어,총중량[kg],kg,,,,,2.4,,,29.5,23.5,80,,26.7,20,,1.2,30.7,,44,15,,59.5,21.9
전남,붕장어,총마릿수[마리],마리,110,120,945,1996,2423,1359,102,263,481,454,245,1028,364,39,104,1347,2452,228,213,109,,
전남,붕장어,총중량[kg],kg,62.2,24.4,857.6,1059.6,1212.9,430.4,39.8,57.8,106.1,163,63.3,311.5,109.6,23.7,23.2,404.2,400.7,47.1,42.5,32.6,,
전남,전갱이류,총마릿수[마리],마리,,1179,,,,,,,,500,7,,,,,13,,93,204,16,,
전남,전갱이류,총중량[kg],kg,,41.7,,,,,,,,39.5,2,,,,,4.9,,25.1,100,4.1,,
전남,기타조기류,총마릿수[마리],마리,,,,191,446,742,711,168,,,67,,,,,,,783,348,274,,89
전남,기타조기류,총중량[kg],kg,,,,382.5,892.6,423.5,240.2,33.5,,,20.1,,,,,,,613.8,285.3,193.7,,56.5
전남,쥐치류,총마릿수[마리],마리,,,,5,,,,,,,,,,2094,1074,443,,,5,,,
전남,쥐치류,총중량[kg],kg,,,,2.4,,,,,,,,,,620.3,346.3,149,,,4,,,
전남,청어,총마릿수[마리],마리,,,,,,,,,,,,,,,,,,,,,19,
전남,청어,총중량[kg],kg,,,,,,,,,,,,,,,,,,,,,4.5,
전남,홍어류,총마릿수[마리],마리,,,61,68,80,,,,,,,,,,56,,,,,,,
전남,홍어류,총중량[kg],kg,,,33,10.2,37.7,,,,,,,,,,66.6,,,,,,,
전남,기타어류,총마릿수[마리],마리,,,,306,,,,27,,74,154,7,,,6,89,,9,23,,,
전남,기타어류,총중량[kg],kg,,,,298.7,,,,6.7,,40.3,32.2,2.2,,,2.9,69.8,,4.6,11.8,,,
전남,꽃게,총마릿수[마리],마리,,,,,,,,,,,15,,,,,,,,,,,
전남,꽃게,총중량[kg],kg,,,,,,,,,,,2.3,,,,,,,,,,,
전남,갑오징어류,총마릿수[마리],마리,37647,57385,53705,45368,19913,136,,,40963,54691,29687,3374,21948,34535,27511,6689,3453,700,,3451,57146,69601
전남,갑오징어류,총중량[kg],kg,10008.7,17296.5,31970.6,28139.4,11334.7,40.7,,,13111,21577.9,13215.2,544.9,5749.8,12006.8,13509.1,3288.8,2238.6,352.1,,690.1,18196.2,26806
전남,꼴뚜기류,총마릿수[마리],마리,,,,7,,,,,,,,,,,,,,,,,,
전남,꼴뚜기류,총중량[kg],kg,,,,4.1,,,,,,,,,,,,,,,,,,
전남,낙지류,총마릿수[마리],마리,,,,,1058,1862,,,201,,15,,,430,,,,,,,,
전남,낙지류,총중량[kg],kg,,,,,402.8,744.7,,,30.2,,2.3,,,86,,,,,,,,
전남,문어류,총마릿수[마리],마리,3265,9,262,410,27053,,338638,142346,137067,154075,43787,15271,,,,770,2103,86,222692,67093,84416,69493
전남,문어류,총중량[kg],kg,466.4,18.7,212.3,546.1,19123.1,,172331.4,64252.8,60673.3,82250.3,22131.9,7414,,,,381.3,1545,13.8,107305.6,31009,38285.2,30695.2
전남,주꾸미,총마릿수[마리],마리,58672,7518,137,956,,,,,270396,726678,547659,320427,32764,24390,2135,453,,,,1827,331256,274374
전남,주꾸미,총중량[kg],kg,4985.7,802.2,34.1,327.7,,,,,19257.3,43856.4,33535.4,23253.4,3225.5,1681.8,67.3,16.2,,,,55.5,16151.6,19704.6
전남,살오징어,총마릿수[마리],마리,,,,,,,,4749,3908,10408,,,,,,6,772,536,10339,3658,15552,9560
전남,살오징어,총중량[kg],kg,,,,,,,,2567.1,1954,3933.2,,,,,,0.6,722.7,493.8,2404.7,2401.1,9322.6,6862.5
전남,한치류,총마릿수[마리],마리,,,,1092,61069,273626,275440,9117,,,,1092,,,,35441,84689,238772,205912,1172,,
전남,한치류,총중량[kg],kg,,,,327.7,18167.7,76925.7,86951.1,2264.4,,,,182,,,,10003.8,17988.3,55996.2,46823.1,234.5,,
경북,가오리류,총마릿수[마리],마리,,,,,,5,,,,3,,,,,2,5,,8,,,,
경북,가오리류,총중량[kg],kg,,,,,,13.4,,,,4,,,,,2.4,3.1,,12.3,,,,
경북,가자미류,총마릿수[마리],마리,111,2281,12837,18097,35414,44946,6231,1684,150,355,15,3,40,12199,35007,72636,56409,36665,11332,6161,64,190
경북,가자미류,총중량[kg],kg,25.1,1508.9,2544.5,5082.1,10144.1,10515.2,1250.9,416.7,78.8,42.8,7.7,0.8,19.9,3691.2,9761.3,15734,17749.2,11453.5,3071.2,1702.7,20.9,56.7
경북,기름가자미,총마릿수[마리],마리,20,,,,,,,,,,,,,,,,,,,,,
경북,기름가자미,총중량[kg],kg,3.2,,,,,,,,,,,,,,,,,,,,,
경북,고등어,총마릿수[마리],마리,316,517,1010,1066,178,9923,40601,13175,2136,5491,357,1405,876,2,8,,106,481,4121,9970,1788,849
경북,고등어,총중량[kg],kg,69.7,135.8,315.3,395.9,53.3,2422.8,8873.8,3226.1,782.2,3468.8,285.9,391.1,110.8,0.9,2.1,,21.2,206.4,2013.4,2737.4,720.5,174.6
경북,학공치,총마릿수[마리],마리,346,873,2173,,,,,,,6148,,,193,9329,2027,242,,,,,,1900
경북,학공치,총중량[kg],kg,13.9,75.4,217.3,,,,,,,1829.8,,,19.3,2174.6,308.4,13.2,,,,,,456.1
경북,넙치류(광어),총마릿수[마리],마리,,,,,10,,3,9,,3,,,,,,21,23,10,14,2,,
경북,넙치류(광어),총중량[kg],kg,,,,,108.7,,25.3,12.3,,3.5,,,,,,30.4,47,26.7,8,0.8,,
경북,농어류,총마릿수[마리],마리,,,43,72,119,126,234,145,26,32,234,,12,,17,10,2,,6,15,,2
경북,농어류,총중량[kg],kg,,,27,43.1,79.6,81.6,329,151.3,17.1,39.6,142.5,,4.8,,2.4,2,3.5,,9.4,27,,4.1
경북,능성어,총마릿수[마리],마리,18,3,,,,2,,,,,,,,,,,,,,,,
경북,능성어,총중량[kg],kg,19.4,5.8,,,,1.5,,,,,,,,,,,,,,,,
경북,참다랑어,총마릿수[마리],마리,,,,,,,,8,,101,59,11,3,,,,,,,2,16,35
경북,참다랑어,총중량[kg],kg,,,,,,,,14.7,,298.6,160,29.3,5.3,,,,,,,6,39.1,84.2
경북,기타다랑어류,총마릿수[마리],마리,,,,,,,,,,,152,5,,,,,,,,,8,10
경북,기타다랑어류,총중량[kg],kg,,,,,,,,,,,242.1,21.3,,,,,,,,,14,8.9
경북,대구,총마릿수[마리],마리,5716,4761,2833,360,165,,199,662,2887,5534,9471,9730,12102,5871,9561,1301,907,2973,5904,5166,3748,6559
경북,대구,총중량[kg],kg,12622.2,10649.7,6024.4,949.4,585.7,,460.7,1822.7,7375.5,12530.6,22881.4,25388.2,24715.1,14387.1,15406.4,1008.6,2890.7,5602.5,9440.8,6256.5,5455.8,10022
경북,감성돔,총마릿수[마리],마리,110,27,3,13,,51,3,,29,225,2148,1295,316,182,86,37,,861,12,,36,21
경북,감성돔,총중량[kg],kg,89.9,23,5.4,16.4,,75.3,3.3,,22.6,225.1,1978.1,1376.4,423.3,324,147.6,34.6,,793.7,10,,47.8,16
경북,참돔,총마릿수[마리],마리,8,,,8,12,15,3,105,77,52,85,,,4,,,58,312,12,93,60,31
경북,참돔,총중량[kg],kg,11.7,,,2.6,32.1,15.8,12.7,70.8,57.6,32.8,186.4,,,10.7,,,144.4,225.2,12.7,59.9,38.8,26.3
경북,돌돔(줄돔),총마릿수[마리],마리,,,,,,,,,4,24,23,,,,,,8,200,39,33,6,19
경북,돌돔(줄돔),총중량[kg],kg,,,,,,,,,1.9,8.6,19.2,,,,,,4.1,116.8,24.7,19.9,2.9,11.5
경북,기타돔류,총마릿수[마리],마리,,5,363,103,1151,2867,2632,3592,2766,1994,314,101,19,10,104,544,2181,8188,3374,4507,1649,117
경북,기타돔류,총중량[kg],kg,,0.8,74.2,24.3,432.9,1139.2,1018.2,691,1011.8,865.6,125.5,144,8.4,8,41.5,99.5,627.8,1693.9,737,1123.5,441.4,41.9
경북,멸치,총마릿수[마리],마리,,,,,,,,3,,,,,,,,,,,,,,
경북,멸치,총중량[kg],kg,,,,,,,,0.3,,,,,,,,,,,,,,
경북,방어류,총마릿수[마리],마리,163,38,132,97,514,207,237,1130,2804,9201,6625,485,34,,73,243,329,968,1281,2404,2699,4076
경북,방어류,총중량[kg],kg,1243.1,201.8,990.1,695.6,2270.3,1549.1,1599.8,2626.4,1706,17477,8947.3,1097.2,183.7,,480.4,1133.2,1191.3,4013.9,6186,9773.2,7563,14452.8
경북,보구치,총마릿수[마리],마리,,,,,,,,,,,,,,,,,,21,,,6,
경북,보구치,총중량[kg],kg,,,,,,,,,,,,,,,,,,6.2,,,2,
경북,복어류,총마릿수[마리],마리,3,,,,21,,,16,5,32,128,,,,,,,66,,8,2,17
경북,복어류,총중량[kg],kg,1.5,,,,10.7,,,8,0.8,46.7,346.6,,,,,,,24.3,,3.9,0.2,6.4
경북,조피볼락(우럭),총마릿수[마리],마리,348,647,239,69,393,163,8,,,18,2629,492,1626,579,304,404,1301,3036,3242,2357,16,402
경북,조피볼락(우럭),총중량[kg],kg,293.9,554.1,151.2,54.7,137.5,100.3,2.3,,,10,1270.4,425.5,396.2,296.1,190.7,230.8,348.8,471.5,498.6,463.1,7.6,56.7
경북,기타볼락류,총마릿수[마리],마리,47873,28784,18152,10476,11712,12889,2621,957,419,508,2227,43401,45406,60733,57122,48357,31316,21349,25257,30283,9045,2196
경북,기타볼락류,총중량[kg],kg,8349.8,8013.3,2843,2468.4,2668.3,3190.7,474.2,288.8,147.7,87,843.2,9231.6,10425.8,15725.8,9464.2,7924.4,5864.5,5057.5,6232.3,6560.2,1382.1,284.8
경북,노래미류,총마릿수[마리],마리,358,446,303,35,216,369,244,403,318,429,58,,112,362,1119,923,173,108,186,150,,
경북,노래미류,총중량[kg],kg,134.4,273.2,49.7,15.9,23.5,44.2,21.5,43.8,31.8,41.8,5.8,,37.4,111.3,326,213,63.2,34.5,70,31.3,,
경북,삼치류,총마릿수[마리],마리,959,,,16,,,101,10856,24639,52986,26133,5080,273,559,320,44,,16,56,1351,14140,39422
경북,삼치류,총중량[kg],kg,2235.2,,,108.7,,,328,28985.3,58607.6,86249.7,39806.5,7266.1,504.4,1090.3,560.6,44.5,,22.6,84.3,2623.3,31722,103876.1
경북,성대류,총마릿수[마리],마리,55,61,427,2319,4464,5215,8557,501,5,182,638,,,21,242,1152,4226,2680,913,758,20,62
경북,성대류,총중량[kg],kg,9.3,27.7,88.2,279.6,514.6,1179.2,1246.9,111.2,1.1,36.7,123.1,,,4.3,51.1,161.4,812.4,639,171.7,123.6,4,4.6
경북,숭어류,총마릿수[마리],마리,,,,,,,,,6,,,,,,,,,,,,,
경북,숭어류,총중량[kg],kg,,,,,,,,,5.8,,,,,,,,,,,,,
경북,아귀류,총마릿수[마리],마리,,,,,,3,,,,,5,3,,,,9,,,,6,2,
경북,아귀류,총중량[kg],kg,,,,,,3.7,,,,,6.7,6.7,,,,7.4,,,,3.6,2,
경북,양태류,총마릿수[마리],마리,,,,,26,,,,3,5,,,,,,,,,,,,
경북,양태류,총중량[kg],kg,,,,,67.3,,,,0.8,1.3,,,,,,,,,,,,
경북,임연수어,총마릿수[마리],마리,,,,,,,,,,,,,,40,194,,,,,,,
경북,임연수어,총중량[kg],kg,,,,,,,,,,,,,,6.1,26.7,,,,,,,
경북,붕장어,총마릿수[마리],마리,3,,88,148,136,205,35,56,5,194,92,21,,15,45,129,67,81,14,106,11,
경북,붕장어,총중량[kg],kg,2.5,,66.9,119.7,77.2,130.5,10,24.8,2.7,137.4,103.5,45,,15.7,34.7,47.8,33.7,49.8,3.9,59,9.1,
경북,전갱이류,총마릿수[마리],마리,323,149,272,383,377,3146,18401,3953,3850,6819,3499,2066,973,23,16,2464,2332,1032,3833,6186,2627,2352
경북,전갱이류,총중량[kg],kg,131.6,75.8,95.4,112.1,351.1,618.6,3195.8,2259.5,865.4,5394.6,1300.6,387.6,78.2,8.1,7.2,503.2,375.5,192.4,778.9,1223.8,1061.5,468.8
경북,전어,총마릿수[마리],마리,,,,,,,,250,12,81,,,,,,,,,,373,569,36
경북,전어,총중량[kg],kg,,,,,,,,75.8,3.1,40.5,,,,,,,,,,84.3,94.5,8.3
경북,쥐치류,총마릿수[마리],마리,15,38,,,,,,,,,,,,,,,,19,,,,
경북,쥐치류,총중량[kg],kg,10.2,37.8,,,,,,,,,,,,,,,,1.9,,,,
경북,홍어류,총마릿수[마리],마리,,,,,,,,,,,,,,,,,2,,,,,
경북,홍어류,총중량[kg],kg,,,,,,,,,,,,,,,,,13.4,,,,,
경북,기타어류,총마릿수[마리],마리,6,5,81,390,31,,9,13,381,69,3170,,394,,426,414,457,206,156,62,317,1000
경북,기타어류,총중량[kg],kg,0.8,0.3,8.1,39.1,18.1,,1.4,3.5,76.5,17.6,320.7,,39.4,,48.4,56.6,68.3,22.6,24.5,6.4,22.2,51.9
경북,갑오징어류,총마릿수[마리],마리,,,,212,80,,,49,2120,,,,,2,17,336,290,51,,26,3005,3399
경북,갑오징어류,총중량[kg],kg,,,,140.9,55.7,,,16.5,1503.5,,,,,2.4,11.6,179,149.5,29.5,,16.8,1101.4,2508.6
경북,문어류,총마릿수[마리],마리,14,53,10,9,20,3,159,7,2633,5086,4426,518,25,475,228,518,119,23,25,192,14987,43203
경북,문어류,총중량[kg],kg,11.9,90.5,19.5,34.4,77,6.2,147.3,3.3,1145.8,2097.7,1182.8,54.1,71.6,753.3,372.6,951.8,203.7,44.3,27.5,74.9,4843.9,15611.4
경북,주꾸미,총마릿수[마리],마리,,160,614,15,,,,,,,1994,1506,2171,2632,2298,6282,1564,,,,6,
경북,주꾸미,총중량[kg],kg,,12.4,78.3,3.8,,,,,,,151.7,185.1,247.5,517.5,282.6,569.4,120.6,,,,0.6,
경북,살오징어,총마릿수[마리],마리,,,,,,136,8,1627,11453,20468,608,,4466,2068,36,13,573,30246,31522,16735,41260,70677
경북,살오징어,총중량[kg],kg,,,,,,163,2,549.3,3953,8849.1,281.7,,327.7,414.3,18.2,6.5,99.7,3729.4,3256.5,1770.7,11729.1,21283.3
경북,한치류,총마릿수[마리],마리,,,,,,,,,4360,5632,494,,605,11,103,,,256,,50,510,118
경북,한치류,총중량[kg],kg,,,,,,,,,1163.1,1792.3,245.3,,264.9,3.2,6.2,,,54.9,,14.8,216.9,45.4
경북,해삼,총마릿수[마리],마리,3,,,,,,,,,,,,,,,,,,,,,
경북,해삼,총중량[kg],kg,0.6,,,,,,,,,,,,,,,,,,,,,
경남,가오리류,총마릿수[마리],마리,,,,,,,33,,,,22,,60,,,7,,44,6,,,
경남,가오리류,총중량[kg],kg,,,,,,,9.9,,,,22.4,,30,,,6.5,,18.8,3,,,
경남,가자미류,총마릿수[마리],마리,,24618,34044,11247,21898,740,263,92,1110,11,180,,19,10686,17423,8485,2252,381,53,,1740,93
경남,가자미류,총중량[kg],kg,,4700.6,6484.6,4908.2,9459.1,317.8,80.8,30.6,402.9,5.6,65.9,,12.8,3200.5,5172.3,3102.3,583.9,148.5,21.7,,434.9,3.7
경남,갈치,총마릿수[마리],마리,,17330,117024,76605,188825,180760,38428,1674666,3367189,2537013,1581292,267257,14293,,4359,6373,188,18828,19618,1165251,1083390,1596010
경남,갈치,총중량[kg],kg,,5503.3,35857.5,21846.9,49465.3,51045.1,8788.3,529514.5,1058990.4,811199.1,482331.9,82417.4,4235.6,,628.8,699,37.5,4996.4,6316.5,255439.7,311661.2,426687.9
경남,강달이류,총마릿수[마리],마리,,,,,,,,,,,,,,,,,,88,,,,
경남,강달이류,총중량[kg],kg,,,,,,,,,,,,,,,,,,18.8,,,,
경남,고등어,총마릿수[마리],마리,,,,10,,1707,1268,64085,39125,6035,10064,5029,696,496,209,235,62,,7527,99852,5228,5574
경남,고등어,총중량[kg],kg,,,,5.1,,513.7,234.3,25258,15073.4,1750.5,3014.1,921.1,168.1,106.2,20.9,45.8,6.2,,2147.5,31971.2,1595,1322.4
경남,꽁치,총마릿수[마리],마리,3558,9958,,,,,,,,,,39972,36801,2922,,,,,,,,
경남,꽁치,총중량[kg],kg,481.9,933.9,,,,,,,,,,1840.6,2392.8,66.4,,,,,,,,
경남,학공치,총마릿수[마리],마리,12480,2308,,,,,,,,,,29435,34248,34731,12758,1655,,,,,3926,53
경남,학공치,총중량[kg],kg,1233.1,286.1,,,,,,,,,,801.6,2205.6,1617.1,1339.7,389.4,,,,,203.9,2.9
경남,넙치류(광어),총마릿수[마리],마리,,,,,,24,22,,,9,24,116,12,,14,421,13,19,12,35,17,
경남,넙치류(광어),총중량[kg],kg,,,,,,141.3,43.8,,,25.8,114.1,76.1,60,,57.2,21.8,35.1,75,42.1,89.8,18.6,
경남,농어류,총마릿수[마리],마리,13,,156,122,639,1403,1761,1893,455,158,853,47,1922,172,1241,1616,3485,4444,2222,2527,423,172
경남,농어류,총중량[kg],kg,13.1,,303.6,323.1,816.2,2850.8,3379.2,5530.7,968.3,260.9,757.9,82.6,474.9,96.3,528.7,1892.6,5540.8,11656.8,2141.1,2674.1,663.9,194.9
경남,눈볼대,총마릿수[마리],마리,,,,,,32,,,,,,,,,,,,,,,,
경남,눈볼대,총중량[kg],kg,,,,,,10.5,,,,,,,,,,,,,,,,
경남,능성어,총마릿수[마리],마리,,,,,,,,,10,29,56,,,,,23,74,258,6,75,438,80
경남,능성어,총중량[kg],kg,,,,,,,,,9.8,19.7,22.4,,,,,37.6,56.8,156.1,6,18.6,117.3,27.4
경남,참다랑어,총마릿수[마리],마리,,,,,,,9,,13,,9,17,,,,,,,,59,,6
경남,참다랑어,총중량[kg],kg,,,,,,,25.8,,10.5,,8.6,17.2,,,,,,,,104.2,,7
경남,기타다랑어류,총마릿수[마리],마리,,,,,,,,345,,,,,,,,,,,,110,233,82
경남,기타다랑어류,총중량[kg],kg,,,,,,,,169.3,,,,,,,,,,,,110,656.3,138.8
경남,감성돔,총마릿수[마리],마리,14099,13106,14497,15741,,8354,6754,12114,48986,83898,61984,45597,29510,25435,26743,23009,176,15741,3737,12815,35518,59013
경남,감성돔,총중량[kg],kg,12509.7,10686.8,11526.8,12317.2,,5077.4,4206.8,5688,24841.2,46240.9,48949.5,45988.8,24930.5,24205.2,23750.1,20211,138.8,11772.4,2525,6877.3,18335.3,33201.1
경남,자리돔,총마릿수[마리],마리,,,,,1022,333,326,,,,,,,,,1028,695,645,,,87,
경남,자리돔,총중량[kg],kg,,,,,30.7,13.3,19.6,,,,,,,,,68.5,48.6,34.7,,,5.8,
경남,참돔,총마릿수[마리],마리,7947,9544,6235,6382,10562,17829,24864,14258,13797,15141,9159,18176,12985,11273,15893,16101,18318,27339,6723,8606,9618,14096
경남,참돔,총중량[kg],kg,5267.4,6501.7,5746.4,5477,7868.7,13346,16250.7,10209.1,8096.4,7266.9,7738.6,15334.9,7309.6,6480.7,13111.4,16423,22263.6,21314.3,5163.9,5613.2,5641.1,14181.1
경남,돌돔(줄돔),총마릿수[마리],마리,,46,20,31,1588,478,2690,5753,897,5279,1885,,,8,120,3844,485,610,1202,700,585,3646
경남,돌돔(줄돔),총중량[kg],kg,,15.4,10.2,15.3,796.3,242.3,2369,4470.4,806.9,3017.2,1588.7,,,1.7,84.3,6443.8,336.1,341.7,346.4,266.4,261.5,1317.5
경남,기타돔류,총마릿수[마리],마리,579,589,,102,1398,12988,32991,24577,5704,4086,1851,318,55,67,332,14555,20125,26491,15658,9869,2004,2465
경남,기타돔류,총중량[kg],kg,353,368.1,,51.1,652.9,3350.4,9557.3,8311.4,2062.3,2020.6,773.1,184.7,54.9,46.1,127.8,3339.8,4447.3,7954.4,5798.5,3071.9,634,936.8
경남,방어류,총마릿수[마리],마리,578,1014,1208,1955,2418,1349,7061,1218,2550,3476,6727,4457,1577,885,349,2156,1891,3147,4828,5303,3989,5813
경남,방어류,총중량[kg],kg,883.7,1451.6,3777.5,5104.5,7164.3,4867.5,14833.5,3368.4,7689.3,13477.8,20314.1,12593.9,4816,1784.7,1203.1,7611.3,4663.2,8334.6,12994.9,12665.3,8754.7,15429
경남,보구치,총마릿수[마리],마리,,,,,,7916,16373,258,112,,515,,,,,,25734,100109,12340,29958,,210
경남,보구치,총중량[kg],kg,,,,,,9854,8574,515.5,33.6,,154.5,,,,,,4158.5,18892.2,6492.2,8922.4,,53.7
경남,복어류,총마릿수[마리],마리,,,,,,412,,27,26,50,,,48,35,,,741,,,,,
경남,복어류,총중량[kg],kg,,,,,,588.6,,6.6,7.8,23,,,24,8,,,21.6,,,,,
경남,조피볼락(우럭),총마릿수[마리],마리,3022,2628,43794,1159,,1084,404,255,,56,,3036,11312,1468,42,7,5282,179,140,280,,
경남,조피볼락(우럭),총중량[kg],kg,453.3,427,6569.1,191.7,,231.6,30.3,61.2,,22.4,,884.4,794.5,81.8,38.4,2.6,1011.9,51.8,28,93.2,,
경남,기타볼락류,총마릿수[마리],마리,70020,83648,131359,137524,99779,26332,15765,2181,1049,4009,41131,408134,322792,208330,461863,424045,173687,49968,8750,9509,826,1826
경남,기타볼락류,총중량[kg],kg,9311.5,16444.6,21641.7,22630.7,17117.1,4232.6,3066.5,434.7,280,541.8,2698.7,80790.6,41909.7,25685.7,59871.8,73207.9,24236.9,7611.6,1451.8,1778.4,165.1,918.5
경남,노래미류,총마릿수[마리],마리,1493,1704,5138,2505,2160,538,558,,491,69,123,403,11797,5042,4855,9323,3977,263,28,58,17,
경남,노래미류,총중량[kg],kg,448,331.9,1462.9,769.4,659,85,220.7,,7.9,14.7,11.2,127.7,1312.1,1167.5,1228.7,1229.5,856.6,50,9.3,27.8,8.7,
경남,부세,총마릿수[마리],마리,,,,,,19553,,344,,,,,,,,,,,,,,
경남,부세,총중량[kg],kg,,,,,,4806.4,,103.1,,,,,,,,,,,,,,
경남,삼치류,총마릿수[마리],마리,,,,,,,142,288,5558,1584,351,266,86,,7,240,,,42,392,14463,21834
경남,삼치류,총중량[kg],kg,,,,,,,87.7,676.4,7204.3,1645.7,952.9,807.7,206.2,,57.2,685.3,,,42.1,568.2,12328.5,18314
경남,상어류,총마릿수[마리],마리,,,,,,,22,,,,,,,,,,,6,,,,
경남,상어류,총중량[kg],kg,,,,,,,98.6,,,,,,,,,,,12.5,,,,
경남,성대류,총마릿수[마리],마리,,,,,546,169,131,2978,11,1120,2800,344,901,53,111,26,354,1131,78,174,,
경남,성대류,총중량[kg],kg,,,,,109.2,181.1,49.3,297.8,2.2,112,358.4,120.3,114.1,17.7,11.1,4.3,64.8,58.1,18,31.9,,
경남,송어류,총마릿수[마리],마리,,,,,,,,,,,,,,,,,,,,,7,
경남,송어류,총중량[kg],kg,,,,,,,,,,,,,,,,,,,,,6.6,
경남,삼세기,총마릿수[마리],마리,,,,,,,,,,,,,480,,,,,,,,,
경남,삼세기,총중량[kg],kg,,,,,,,,,,,,,66,,,,,,,,,
경남,숭어류,총마릿수[마리],마리,,,,,,,,,,219,255,57,7173,6503,,250,19,,,6,224,455
경남,숭어류,총중량[kg],kg,,,,,,,,,,163.1,119.9,22.9,3596.4,3446,,196.4,12.4,,,8.7,289.8,498.5
경남,아귀류,총마릿수[마리],마리,13,,,,,,,,,,,,,,,,,,,,,
경남,아귀류,총중량[kg],kg,26.3,,,,,,,,,,,,,,,,,,,,,
경남,양태류,총마릿수[마리],마리,,,,,36,,,,,,,92,,,,81,31,13,234,29,,18
경남,양태류,총중량[kg],kg,,,,,36.4,,,,,,,34.4,,,,55.5,10.5,3.1,120.2,9.9,,11.7
경남,갯장어,총마릿수[마리],마리,,,,,,105,,,,,,,,,,,,,,,,
경남,갯장어,총중량[kg],kg,,,,,,52.6,,,,,,,,,,,,,,,,
경남,먹장어,총마릿수[마리],마리,,,,,,,9700,,,,,,,,,,,,,,,
경남,먹장어,총중량[kg],kg,,,,,,,949.8,,,,,,,,,,,,,,,
경남,붕장어,총마릿수[마리],마리,,,10,,6187,4414,,11746,,20193,,49,,,,,7736,6294,787,,,
경남,붕장어,총중량[kg],kg,,,5.1,,123.7,546.2,,921.8,,2554.8,,9.8,,,,,873,1030.7,161,,,
경남,전갱이류,총마릿수[마리],마리,39,429,750,104098,65658,16348,22363,25877,22203,101110,17455,9442,3875,1988,1404,35574,38333,25145,42726,40072,10671,13452
경남,전갱이류,총중량[kg],kg,13.1,62.4,83,16503.9,12034.6,2710.8,2507.9,4243.9,2680,5493,1901.6,1589.4,610.6,334.8,212.7,7488.1,2723.8,3611,4528.4,4879.7,1300.2,2541.4
경남,전어,총마릿수[마리],마리,,,,,,,,,,,,229,,,626,,,,,,656,29
경남,전어,총중량[kg],kg,,,,,,,,,,,,34.4,,,76.6,,,,,,112,5.9
경남,기타조기류,총마릿수[마리],마리,,,,,,7416,95834,35039,,,,,,,,,,,,,,
경남,기타조기류,총중량[kg],kg,,,,,,1506.8,15825.7,12344.9,,,,,,,,,,,,,,
경남,쥐치류,총마릿수[마리],마리,70,,,,,13,20,43,,479,397,478,12,27,181,47,,,,,,
경남,쥐치류,총중량[kg],kg,23.4,,,,,6.7,6.5,17.2,,138.6,133.8,178.3,6,8,87,20.3,,,,,,
경남,청어,총마릿수[마리],마리,,,,,,,,,,,,,,,1531,131,,,,,,
경남,청어,총중량[kg],kg,,,,,,,,,,,,,,,536,19.6,,,,,,
경남,기타어류,총마릿수[마리],마리,,,,,546,13802,359,5165,1179,3283,2380,767,240,44,55,216,7913,14138,547,2570,2340,1084
경남,기타어류,총중량[kg],kg,,,,,54.6,796,72,475.3,91.4,390.5,451,218.6,36,8.9,5.5,32.7,583.4,660.2,27,355.9,370.8,206.7
경남,갑오징어류,총마릿수[마리],마리,,487,,5297,3197,53,41,10943,24681,34324,19516,20,,,74,730,1687,383,,,18883,33458
경남,갑오징어류,총중량[kg],kg,,151.5,,3867,1531.9,36.8,15.3,3875.9,5432,9343.8,5806.3,7.8,,,37.1,454.1,702.4,153.3,,,4660.2,8387.5
경남,꼴뚜기류,총마릿수[마리],마리,,,,,527,,,,,,,,,,,,,,,,,
경남,꼴뚜기류,총중량[kg],kg,,,,,26.3,,,,,,,,,,,,,,,,,
경남,낙지류,총마릿수[마리],마리,,,5691,3668,1007,,55,,,,8764,26711,9462,18482,28645,16141,8473,259,,,,
경남,낙지류,총중량[kg],kg,,,1751.8,1401.9,271.1,,82.2,,,,1357.6,4193.6,2384.6,2005.7,3759.9,2346.9,1957.1,23.8,,,,
경남,문어류,총마릿수[마리],마리,8413,5728,3178,5673,2732,,217558,139970,185336,197871,149862,37956,5004,5120,1913,3145,13134,,493316,226579,284288,292393
경남,문어류,총중량[kg],kg,4423.5,3042,1967.4,3074.8,1172.1,,80952.4,49785.7,68751,84306.1,74562.9,23570.5,3168.5,2737.6,1060.4,1945.9,5798.9,,218073.2,79068.7,106078.3,136589.3
경남,주꾸미,총마릿수[마리],마리,4548,,,,,,,,,73247,107240,110139,22208,,,,,,,,5508,317529
경남,주꾸미,총중량[kg],kg,263,,,,,,,,,2716.4,3200.6,5860.1,1408.6,,,,,,,,320.6,21909.2
경남,살오징어,총마릿수[마리],마리,12287,15925,16478,,,81115,21928,6013,17149,10575,2299,5619,5107,1500,1608,14,1133,46324,2028,22633,120549,85378
경남,살오징어,총중량[kg],kg,3690,4777.4,8650,,,14327,6335.2,1941,5893.8,4062.1,601.9,2586,1798.1,541.8,321.5,4.1,921.5,8216,703.7,6796.7,37406.6,29729.7
경남,한치류,총마릿수[마리],마리,,,296,2004,205099,1428089,784811,6752,9965,13147,1343,,,,,27548,346155,1098926,661480,49744,81952,15477
경남,한치류,총중량[kg],kg,,,88.9,603.1,59234.7,342922.1,154870.9,1516.6,4292.9,4229.6,519.8,,,,,6120.9,69032.2,180551.8,95966.7,8391.5,13207.4,4519.4
경남,해삼,총마릿수[마리],마리,,,,,,,,,,,,,,,129,14,,,,,,
경남,해삼,총중량[kg],kg,,,,,,,,,,,,,,,42.2,4.1,,,,,,
제주,가자미류,총마릿수[마리],마리,,,,,,,,,,,,,,,,,3,766,,,,10
제주,가자미류,총중량[kg],kg,,,,,,,,,,,,,,,,,1,159.6,,,,2.6
제주,갈치,총마릿수[마리],마리,,,235,1130,59031,156300,3480,287555,318337,241123,183302,104821,2402,24,,1186,3529,41753,9333,176815,239041,277017
제주,갈치,총중량[kg],kg,,,55.9,324.5,18371.8,47458.7,829.3,80340.1,95546.1,78289.7,58538.8,31525.5,771.1,30.6,,296.5,1157.2,10655.9,2096.8,52254.8,73573.6,81264.1
제주,고등어,총마릿수[마리],마리,,,328,,293,159,148,10579,4952,9536,384,428,29,303,,82,,248,2108,3517,11911,406
제주,고등어,총중량[kg],kg,,,196.9,,198.1,134,59.2,3488.1,2469.2,3886.1,148.6,149.5,12.6,105.8,,26.1,,131.5,804.6,1271.3,4420.8,138.6
제주,넙치류(광어),총마릿수[마리],마리,,5,,15,7,42,15,27,37,72,5,9,17,49,149,60,79,34,17,13,10,23
제주,넙치류(광어),총중량[kg],kg,,0,,51.4,2.9,72.4,34.6,40.4,69.9,121.3,31.7,17.1,50.7,175.7,369.8,133.7,62.9,72.7,14,12.1,14.7,22.7
제주,농어류,총마릿수[마리],마리,,,,,,66,49,9,56,18,59,85,47,58,197,304,47,85,,131,65,71
제주,농어류,총중량[kg],kg,,,,,,89.4,95,28.8,55.9,40,54.2,114.9,93.8,112.3,232.2,298.4,41.5,85.4,,154.2,137,61.8
제주,능성어,총마릿수[마리],마리,,,,,,,,,,,,,,,,7,3,3,,,,
제주,능성어,총중량[kg],kg,,,,,,,,,,,,,,,,3.3,1.6,1.6,,,,
제주,참다랑어,총마릿수[마리],마리,,,,,,25,,,,63,,6,,10,,9,,,5,,5,
제주,참다랑어,총중량[kg],kg,,,,,,49.6,,,,134.8,,18.1,,41,,16.6,,,9.4,,9.4,
제주,기타다랑어류,총마릿수[마리],마리,,,7,,,5,,,23,9,235,84,,,,,52,110,57,53,113,107
제주,기타다랑어류,총중량[kg],kg,,,19.7,,,7.4,,,46.6,13.5,686.4,54.3,,,,,88.3,132.1,36.4,59,124,107
제주,감성돔,총마릿수[마리],마리,973,673,2105,1928,2757,18,5,,9,13,1224,4685,2167,1352,1522,19,,7,,3,3,16
제주,감성돔,총중량[kg],kg,973.3,873.4,2523,2091.9,3014.7,7.5,4.8,,14,22.2,2042.5,5533.5,2427.4,1842.1,1890,12.8,,10.1,,1.3,4.9,24.5
제주,옥돔류,총마릿수[마리],마리,6,,13,51,37,,,,,13,5,,,,3,24,36,26,10,,21,42
제주,옥돔류,총중량[kg],kg,6.8,,6.6,33,29.3,,,,,23.4,2.6,,,,2.3,18.7,22.3,12,4.8,,5.2,13
제주,자리돔,총마릿수[마리],마리,,1135,56,1169,945,1687,145,854,2516,3700,2325,2072,2390,1494,1512,2242,6568,5437,3881,5277,3371,2478
제주,자리돔,총중량[kg],kg,,52.9,5.6,95.1,61.5,95,13.5,54.8,66.2,152.6,71.9,117,132.3,88.1,95.8,148.9,370.2,321.3,237.9,367.7,261.7,175.8
제주,참돔,총마릿수[마리],마리,120,333,9677,12952,15889,2104,793,471,643,3069,2832,1895,624,1160,3851,3865,3100,1432,874,521,605,1548
제주,참돔,총중량[kg],kg,273.9,599,3167.4,4270,8079.5,6537.6,1245.9,365.5,419.5,2609.9,3391.1,2977.6,1106.5,1460,4926.7,5639.2,3311.3,2030.8,819.4,545.4,611.9,1271.6
제주,돌돔(줄돔),총마릿수[마리],마리,6,103,134,114,78,3134,1427,678,909,6651,5024,2770,9846,3777,2220,5012,1952,3216,1810,1792,1590,2199
제주,돌돔(줄돔),총중량[kg],kg,11.4,127.8,116.4,93.5,67.1,8199,1330.3,689.3,508.9,4404.1,3193.7,1962.8,12573.5,4036.8,1264.2,3776.2,1892,2651.2,1178.5,968,947.6,1516.1
제주,기타돔류,총마릿수[마리],마리,2961,2995,4224,4858,3526,5230,7998,3195,4462,5102,5674,3544,2279,5236,3559,4809,4583,5823,4677,3734,2838,3684
제주,기타돔류,총중량[kg],kg,2285.5,2184.5,1901.9,2080.7,1509.9,2626.5,4495.7,1507.3,2710.1,3087.4,3053,1782.8,1654.5,2730.4,1759.6,2796.9,2544,2648.5,2724.7,1916.7,1433.9,2010.9
제주,방어류,총마릿수[마리],마리,4932,3607,4624,3130,2534,1740,534,634,347,3349,7527,8089,6115,1438,2216,1381,842,395,582,975,1201,2073
제주,방어류,총중량[kg],kg,12399.2,9477,13902.2,8467.4,6559.5,3602.1,1269.5,1342.6,966.8,9525.6,26592,25165.4,26109.4,5992.6,9817.8,5448.1,3155.2,1312.7,947.2,2009.2,1784.9,4082.9
제주,병어류,총마릿수[마리],마리,,,,,,,,,,,,,,,,,,32,,,,
제주,병어류,총중량[kg],kg,,,,,,,,,,,,,,,,,,30.3,,,,
제주,복어류,총마릿수[마리],마리,,36,,,,,,4,,90,,9,,70,,76,63,20,118,33,511,42
제주,복어류,총중량[kg],kg,,4.4,,,,,,1.3,,19.3,,9,,14.3,,20.4,23.9,5,30.2,6.5,133.7,8.8
제주,조피볼락(우럭),총마릿수[마리],마리,,5,525,439,1932,5098,716,718,201,1438,1077,611,774,725,1661,1670,2374,3916,320,1115,228,163
제주,조피볼락(우럭),총중량[kg],kg,,2.7,78.7,69.5,242.5,1085.3,104.9,129.1,44.4,283.1,378.2,119.5,277.4,114.8,510.6,364.6,549,1066.3,85.5,212.9,32,34.2
제주,기타볼락류,총마릿수[마리],마리,852,1589,8920,8750,7835,3844,4130,6500,3753,2454,1801,1229,1972,2044,20555,9446,5129,4893,7632,8581,5917,5760
제주,기타볼락류,총중량[kg],kg,43.1,104.8,1133.9,1124.9,1113.8,1132,1224.8,1438,856.6,865.2,456.4,293.7,438.1,623.5,3403.9,1881.9,811.1,1112.7,1557.8,1685.5,1215.7,1666.3
제주,노래미류,총마릿수[마리],마리,,3956,670,536,1357,,1109,4373,6208,7127,5092,4540,6011,8689,8052,6902,11547,11543,11994,14721,7816,8697
제주,노래미류,총중량[kg],kg,,171.9,231.1,113,238.4,,129.5,334.7,478.4,699.9,373.4,249.6,248.3,861.1,757.3,615,998.2,1192.3,903.8,1204.3,672.6,951.9
제주,삼치류,총마릿수[마리],마리,,,6,372,6,,,9,33,1330,209,173,157,41,26,,,,,39,486,1048
제주,삼치류,총중량[kg],kg,,,16.8,343.4,8.4,,,13.5,107.2,2120.7,548.9,493,685.8,142.2,84,,,,,64,357.6,842.3
제주,성대류,총마릿수[마리],마리,,,,,,,,,,,,,,6,3,,13,3,,,,
제주,성대류,총중량[kg],kg,,,,,,,,,,,,,,1.5,0.3,,1.6,1.3,,,,
제주,숭어류,총마릿수[마리],마리,,,,,,,,,,,,112,99,16,59,10,,,,,,
제주,숭어류,총중량[kg],kg,,,,,,,,,,,,71.9,122.1,49.6,78.2,9.6,,,,,,
제주,아귀류,총마릿수[마리],마리,,,,,,,,,,,,,,,6,,,,,,,
제주,아귀류,총중량[kg],kg,,,,,,,,,,,,,,,9.7,,,,,,,
제주,양태류,총마릿수[마리],마리,,,,,,,,,,,,,,,,,,10,,,,
제주,양태류,총중량[kg],kg,,,,,,,,,,,,,,,,,,4.8,,,,
제주,먹장어,총마릿수[마리],마리,,,,,,419,191,,,,,,,,,,,,,,,
제주,먹장어,총중량[kg],kg,,,,,,125.8,191.3,,,,,,,,,,,,,,,
제주,붕장어,총마릿수[마리],마리,,,,,,84,48,,,,,,,,,,,,,,,
제주,붕장어,총중량[kg],kg,,,,,,21,47.8,,,,,,,,,,,,,,,
제주,전갱이류,총마릿수[마리],마리,670,,295,,,84,48,306,818,2415,1972,1695,1692,1737,2059,1808,1032,373,246,1245,260,279
제주,전갱이류,총중량[kg],kg,30.8,,164.1,,,284.4,4.8,55.5,254.2,621.2,500.3,364.9,339.6,340.6,399,355.8,245.3,75.2,44.3,177.3,41.3,86.2
제주,쥐치류,총마릿수[마리],마리,158,310,172,195,318,728,321,373,328,638,484,793,721,516,861,1071,954,948,1010,1242,577,930
제주,쥐치류,총중량[kg],kg,5.2,37.5,51.7,58.5,114,256.7,118,109.6,99.9,229.3,142.1,257.1,206.6,139.5,243.5,408.9,323.2,293.4,304.9,426.6,207.7,324.4
제주,기타어류,총마릿수[마리],마리,3993,6254,5637,6431,6053,11861,6717,11109,9992,10321,6796,4157,5491,9903,6621,11598,10544,11311,11406,15118,9739,8537
제주,기타어류,총중량[kg],kg,106.2,127.4,567,686.4,623.8,5040.2,807.2,1177.5,1200.2,1305.7,1019.7,430.2,567.1,1156.6,713.1,1176.7,1099.4,1032.2,1159.9,1489,976.5,949.3
제주,갑오징어류,총마릿수[마리],마리,22001,30317,32393,3401,147,,,,,,,14451,38813,38416,70784,23650,1826,3,690,,,
제주,갑오징어류,총중량[kg],kg,10067.6,10311.2,12853.8,1488.1,36.7,,,,,,,3585.2,13845.7,18394.6,22354.3,9364.6,1031.5,2,190.5,,,
제주,문어류,총마릿수[마리],마리,,44,,,,,,,,,,,,,3,3,,,,,,
제주,문어류,총중량[kg],kg,,32.7,,,,,,,,,,,,,3.2,3.3,,,,,,
제주,살오징어,총마릿수[마리],마리,,,,,,4129,12340,1344,3263,701,,,,,,,,,2890,24072,596,91
제주,살오징어,총중량[kg],kg,,,,,,605.9,1653.6,473.3,1566.6,185.4,,,,,,,,,524.6,1632,267,37.3
제주,한치류,총마릿수[마리],마리,,,,,514,24694,67932,117002,22010,377,,54,,,36,582,36055,97860,110737,63719,710,68
제주,한치류,총중량[kg],kg,,,,,102.7,4153.5,10263,19268.8,6172.4,80.9,,18,,,7.1,208.6,7633.1,20513.4,21533.1,10153.4,159.2,18.5
제주,해삼,총마릿수[마리],마리,,,361,183,183,,,,,,,,,,,,,,,,,
제주,해삼,총중량[kg],kg,,,78.8,36.7,36.7,,,,,,,,,,,,,,,,,
제주,기타,총마릿수[마리],마리,,,,,,2437,5,,,,,,,,,,,,,,,
제주,기타,총중량[kg],kg,,,,,,370.8,14.4,,,,,,,,,,,,,,,
